game_id,start_time,week,day_of_week,season_year,home_team,away_team,home_score,away_score
1,08:30:00,1,thursday,2009,PIT,TEN,13,10
2,01:00:00,1,sunday,2009,ATL,MIA,19,7
3,01:00:00,1,sunday,2009,BAL,KC,38,24
4,01:00:00,1,sunday,2009,CAR,PHI,10,38
5,01:00:00,1,sunday,2009,CIN,DEN,7,12
6,01:00:00,1,sunday,2009,CLE,MIN,20,34
7,01:00:00,1,sunday,2009,HOU,NYJ,7,24
8,01:00:00,1,sunday,2009,IND,JAC,14,12
9,01:00:00,1,sunday,2009,NO,DET,45,27
10,01:00:00,1,sunday,2009,TB,DAL,21,34
11,04:15:00,1,sunday,2009,ARI,SF,16,20
12,04:15:00,1,sunday,2009,NYG,WAS,23,17
13,04:15:00,1,sunday,2009,SEA,STL,28,0
14,08:20:00,1,sunday,2009,GB,CHI,21,15
15,07:00:00,1,monday,2009,NE,BUF,25,24
16,10:15:00,1,monday,2009,OAK,SD,20,24
17,01:00:00,2,sunday,2009,ATL,CAR,28,20
18,01:00:00,2,sunday,2009,DET,MIN,13,27
19,01:00:00,2,sunday,2009,GB,CIN,24,31
20,01:00:00,2,sunday,2009,JAC,ARI,17,31
21,01:00:00,2,sunday,2009,KC,OAK,10,13
22,01:00:00,2,sunday,2009,NYJ,NE,16,9
23,01:00:00,2,sunday,2009,PHI,NO,22,48
24,01:00:00,2,sunday,2009,TEN,HOU,31,34
25,01:00:00,2,sunday,2009,WAS,STL,9,7
26,04:05:00,2,sunday,2009,BUF,TB,33,20
27,04:05:00,2,sunday,2009,SF,SEA,23,10
28,04:15:00,2,sunday,2009,CHI,PIT,17,14
29,04:15:00,2,sunday,2009,DEN,CLE,27,6
30,04:15:00,2,sunday,2009,SD,BAL,26,31
31,08:20:00,2,sunday,2009,DAL,NYG,31,33
32,08:30:00,2,monday,2009,MIA,IND,23,27
33,01:00:00,3,sunday,2009,BAL,CLE,34,3
34,04:15:00,3,sunday,2009,CIN,PIT,23,20
35,01:00:00,3,sunday,2009,DET,WAS,19,14
36,01:00:00,3,sunday,2009,HOU,JAC,24,31
37,01:00:00,3,sunday,2009,MIN,SF,27,24
38,01:00:00,3,sunday,2009,NE,ATL,26,10
39,01:00:00,3,sunday,2009,PHI,KC,34,14
40,01:00:00,3,sunday,2009,STL,GB,17,36
41,01:00:00,3,sunday,2009,TB,NYG,0,24
42,04:05:00,3,sunday,2009,BUF,NO,7,27
43,04:05:00,3,sunday,2009,SEA,CHI,19,25
44,01:00:00,3,sunday,2009,NYJ,TEN,24,17
45,04:15:00,3,sunday,2009,OAK,DEN,3,23
46,04:15:00,3,sunday,2009,SD,MIA,23,13
47,08:20:00,3,sunday,2009,ARI,IND,10,31
48,08:30:00,3,monday,2009,DAL,CAR,21,7
49,01:00:00,4,sunday,2009,CHI,DET,48,24
50,01:00:00,4,sunday,2009,CLE,CIN,20,23
51,01:00:00,4,sunday,2009,HOU,OAK,29,6
52,01:00:00,4,sunday,2009,IND,SEA,34,17
53,01:00:00,4,sunday,2009,JAC,TEN,37,17
54,01:00:00,4,sunday,2009,KC,NYG,16,27
55,01:00:00,4,sunday,2009,NE,BAL,27,21
56,01:00:00,4,sunday,2009,WAS,TB,16,13
57,04:05:00,4,sunday,2009,MIA,BUF,38,10
58,04:05:00,4,sunday,2009,NO,NYJ,24,10
59,04:15:00,4,sunday,2009,DEN,DAL,17,10
60,04:15:00,4,sunday,2009,SF,STL,35,0
61,08:20:00,4,sunday,2009,PIT,SD,38,28
62,08:30:00,4,monday,2009,MIN,GB,30,23
63,01:00:00,5,sunday,2009,BAL,CIN,14,17
64,01:00:00,5,sunday,2009,BUF,CLE,3,6
65,01:00:00,5,sunday,2009,CAR,WAS,20,17
66,01:00:00,5,sunday,2009,DET,PIT,20,28
67,01:00:00,5,sunday,2009,KC,DAL,20,26
68,01:00:00,5,sunday,2009,NYG,OAK,44,7
69,01:00:00,5,sunday,2009,PHI,TB,33,14
70,01:00:00,5,sunday,2009,STL,MIN,10,38
71,04:05:00,5,sunday,2009,SF,ATL,10,45
72,04:15:00,5,sunday,2009,ARI,HOU,28,21
73,04:15:00,5,sunday,2009,DEN,NE,20,17
74,04:15:00,5,sunday,2009,SEA,JAC,41,0
75,08:20:00,5,sunday,2009,TEN,IND,9,31
76,08:30:00,5,monday,2009,MIA,NYJ,31,27
77,01:00:00,6,sunday,2009,CIN,HOU,17,28
78,01:00:00,6,sunday,2009,GB,DET,26,0
79,01:00:00,6,sunday,2009,JAC,STL,23,20
80,01:00:00,6,sunday,2009,MIN,BAL,33,31
81,01:00:00,6,sunday,2009,NO,NYG,48,27
82,01:00:00,6,sunday,2009,PIT,CLE,27,14
83,01:00:00,6,sunday,2009,TB,CAR,21,28
84,01:00:00,6,sunday,2009,WAS,KC,6,14
85,04:05:00,6,sunday,2009,OAK,PHI,13,9
86,04:05:00,6,sunday,2009,SEA,ARI,3,27
87,04:15:00,6,sunday,2009,NE,TEN,59,0
88,04:15:00,6,sunday,2009,NYJ,BUF,13,16
89,08:20:00,6,sunday,2009,ATL,CHI,21,14
90,08:30:00,6,monday,2009,SD,DEN,23,34
91,04:15:00,7,sunday,2009,CIN,CHI,45,10
92,01:00:00,7,sunday,2009,CLE,GB,3,31
93,01:00:00,7,sunday,2009,HOU,SF,24,21
94,01:00:00,7,sunday,2009,KC,SD,7,37
95,01:00:00,7,sunday,2009,PIT,MIN,27,17
96,01:00:00,7,sunday,2009,STL,IND,6,42
97,01:00:00,7,sunday,2009,TB,NE,7,35
98,04:05:00,7,sunday,2009,CAR,BUF,9,20
99,04:05:00,7,sunday,2009,OAK,NYJ,0,38
100,04:15:00,7,sunday,2009,DAL,ATL,37,21
101,04:15:00,7,sunday,2009,MIA,NO,34,46
102,08:20:00,7,sunday,2009,NYG,ARI,17,24
103,08:30:00,7,monday,2009,WAS,PHI,17,27
104,01:00:00,8,sunday,2009,BAL,DEN,30,7
105,01:00:00,8,sunday,2009,BUF,HOU,10,31
106,01:00:00,8,sunday,2009,CHI,CLE,30,6
107,01:00:00,8,sunday,2009,DAL,SEA,38,17
108,01:00:00,8,sunday,2009,DET,STL,10,17
109,04:15:00,8,sunday,2009,GB,MIN,26,38
110,01:00:00,8,sunday,2009,IND,SF,18,14
111,01:00:00,8,sunday,2009,NYJ,MIA,25,30
112,04:05:00,8,sunday,2009,SD,OAK,24,16
113,04:05:00,8,sunday,2009,TEN,JAC,30,13
114,04:15:00,8,sunday,2009,ARI,CAR,21,34
115,01:00:00,8,sunday,2009,PHI,NYG,40,17
116,08:30:00,8,monday,2009,NO,ATL,35,27
117,01:00:00,9,sunday,2009,ATL,WAS,31,17
118,01:00:00,9,sunday,2009,CHI,ARI,21,41
119,01:00:00,9,sunday,2009,CIN,BAL,17,7
120,01:00:00,9,sunday,2009,IND,HOU,20,17
121,01:00:00,9,sunday,2009,JAC,KC,24,21
122,01:00:00,9,sunday,2009,NE,MIA,27,17
123,01:00:00,9,sunday,2009,TB,GB,38,28
124,04:05:00,9,sunday,2009,NO,CAR,30,20
125,04:05:00,9,sunday,2009,SEA,DET,32,20
126,04:15:00,9,sunday,2009,NYG,SD,20,21
127,04:15:00,9,sunday,2009,SF,TEN,27,34
128,08:20:00,9,sunday,2009,PHI,DAL,16,20
129,08:30:00,9,monday,2009,DEN,PIT,10,28
130,08:20:00,10,thursday,2009,SF,CHI,10,6
131,01:00:00,10,sunday,2009,CAR,ATL,28,19
132,01:00:00,10,sunday,2009,MIA,TB,25,23
133,01:00:00,10,sunday,2009,MIN,DET,27,10
134,01:00:00,10,sunday,2009,NYJ,JAC,22,24
135,01:00:00,10,sunday,2009,PIT,CIN,12,18
136,01:00:00,10,sunday,2009,STL,NO,23,28
137,01:00:00,10,sunday,2009,TEN,BUF,41,17
138,01:00:00,10,sunday,2009,WAS,DEN,27,17
139,04:05:00,10,sunday,2009,OAK,KC,10,16
140,04:15:00,10,sunday,2009,ARI,SEA,31,20
141,04:15:00,10,sunday,2009,GB,DAL,17,7
142,04:15:00,10,sunday,2009,SD,PHI,31,23
143,08:20:00,10,sunday,2009,IND,NE,35,34
144,08:30:00,10,monday,2009,CLE,BAL,0,16
145,08:20:00,11,thursday,2009,CAR,MIA,17,24
146,01:00:00,11,sunday,2009,BAL,IND,15,17
147,01:00:00,11,sunday,2009,DAL,WAS,7,6
148,01:00:00,11,sunday,2009,DET,CLE,38,37
149,01:00:00,11,sunday,2009,GB,SF,30,24
150,01:00:00,11,sunday,2009,JAC,BUF,18,15
151,01:00:00,11,sunday,2009,KC,PIT,27,24
152,01:00:00,11,sunday,2009,MIN,SEA,35,9
153,01:00:00,11,sunday,2009,NYG,ATL,34,31
154,01:00:00,11,sunday,2009,TB,NO,7,38
155,04:05:00,11,sunday,2009,STL,ARI,13,21
156,04:15:00,11,sunday,2009,DEN,SD,3,32
157,04:15:00,11,sunday,2009,NE,NYJ,31,14
158,04:15:00,11,sunday,2009,OAK,CIN,20,17
159,08:20:00,11,sunday,2009,CHI,PHI,20,24
160,08:30:00,11,monday,2009,HOU,TEN,17,20
161,12:30:00,12,thursday,2009,DET,GB,12,34
162,04:15:00,12,thursday,2009,DAL,OAK,24,7
163,08:20:00,12,thursday,2009,DEN,NYG,26,6
164,01:00:00,12,sunday,2009,ATL,TB,20,17
165,01:00:00,12,sunday,2009,BUF,MIA,31,14
166,01:00:00,12,sunday,2009,CIN,CLE,16,7
167,01:00:00,12,sunday,2009,HOU,IND,27,35
168,04:15:00,12,sunday,2009,MIN,CHI,36,10
169,01:00:00,12,sunday,2009,NYJ,CAR,17,6
170,01:00:00,12,sunday,2009,PHI,WAS,27,24
171,01:00:00,12,sunday,2009,STL,SEA,17,27
172,04:15:00,12,sunday,2009,TEN,ARI,20,17
173,04:05:00,12,sunday,2009,SD,KC,43,14
174,04:05:00,12,sunday,2009,SF,JAC,20,3
175,08:20:00,12,sunday,2009,BAL,PIT,20,17
176,08:30:00,12,monday,2009,NO,NE,38,17
177,08:20:00,13,thursday,2009,BUF,NYJ,13,19
178,01:00:00,13,sunday,2009,ATL,PHI,7,34
179,01:00:00,13,sunday,2009,CAR,TB,16,6
180,01:00:00,13,sunday,2009,CHI,STL,17,9
181,01:00:00,13,sunday,2009,CIN,DET,23,13
182,01:00:00,13,sunday,2009,IND,TEN,27,17
183,01:00:00,13,sunday,2009,JAC,HOU,23,18
184,01:00:00,13,sunday,2009,KC,DEN,13,44
185,01:00:00,13,sunday,2009,PIT,OAK,24,27
186,01:00:00,13,sunday,2009,WAS,NO,30,33
187,04:05:00,13,sunday,2009,CLE,SD,23,30
188,08:20:00,13,sunday,2009,ARI,MIN,30,17
189,04:15:00,13,sunday,2009,NYG,DAL,31,24
190,04:15:00,13,sunday,2009,SEA,SF,20,17
191,01:00:00,13,sunday,2009,MIA,NE,22,21
192,08:30:00,13,monday,2009,GB,BAL,27,14
193,08:20:00,14,thursday,2009,CLE,PIT,13,6
194,01:00:00,14,sunday,2009,ATL,NO,23,26
195,01:00:00,14,sunday,2009,BAL,DET,48,3
196,01:00:00,14,sunday,2009,CHI,GB,14,21
197,01:00:00,14,sunday,2009,HOU,SEA,34,7
198,01:00:00,14,sunday,2009,IND,DEN,28,16
199,01:00:00,14,sunday,2009,JAC,MIA,10,14
200,01:00:00,14,sunday,2009,KC,BUF,10,16
201,01:00:00,14,sunday,2009,MIN,CIN,30,10
202,01:00:00,14,sunday,2009,NE,CAR,20,10
203,01:00:00,14,sunday,2009,TB,NYJ,3,26
204,04:05:00,14,sunday,2009,TEN,STL,47,7
205,04:05:00,14,sunday,2009,OAK,WAS,13,34
206,04:15:00,14,sunday,2009,DAL,SD,17,20
207,08:20:00,14,sunday,2009,NYG,PHI,38,45
208,08:30:00,14,monday,2009,SF,ARI,24,9
209,08:20:00,15,thursday,2009,JAC,IND,31,35
210,08:20:00,15,saturday,2009,NO,DAL,17,24
211,04:15:00,15,sunday,2009,BAL,CHI,31,7
212,01:00:00,15,sunday,2009,BUF,NE,10,17
213,01:00:00,15,sunday,2009,DET,ARI,24,31
214,01:00:00,15,sunday,2009,KC,CLE,34,41
215,01:00:00,15,sunday,2009,NYJ,ATL,7,10
216,04:15:00,15,sunday,2009,PHI,SF,27,13
217,04:15:00,15,sunday,2009,PIT,GB,37,36
218,01:00:00,15,sunday,2009,STL,HOU,13,16
219,01:00:00,15,sunday,2009,TEN,MIA,27,24
220,04:05:00,15,sunday,2009,DEN,OAK,19,20
221,04:05:00,15,sunday,2009,SD,CIN,27,24
222,04:15:00,15,sunday,2009,SEA,TB,7,24
223,08:20:00,15,sunday,2009,CAR,MIN,26,7
224,08:30:00,15,monday,2009,WAS,NYG,12,45
225,07:30:00,16,friday,2009,TEN,SD,17,42
226,01:00:00,16,sunday,2009,ATL,BUF,31,3
227,01:00:00,16,sunday,2009,CIN,KC,17,10
228,01:00:00,16,sunday,2009,CLE,OAK,23,9
229,01:00:00,16,sunday,2009,GB,SEA,48,10
230,01:00:00,16,sunday,2009,MIA,HOU,20,27
231,01:00:00,16,sunday,2009,NYG,CAR,9,41
232,01:00:00,16,sunday,2009,NE,JAC,35,7
233,01:00:00,16,sunday,2009,NO,TB,17,20
234,04:15:00,16,sunday,2009,PHI,DEN,30,27
235,01:00:00,16,sunday,2009,PIT,BAL,23,20
236,04:05:00,16,sunday,2009,ARI,STL,31,10
237,04:05:00,16,sunday,2009,SF,DET,20,6
238,04:15:00,16,sunday,2009,IND,NYJ,15,29
239,08:20:00,16,sunday,2009,WAS,DAL,0,17
240,08:30:00,16,monday,2009,CHI,MIN,36,30
241,01:00:00,17,sunday,2009,BUF,IND,30,7
242,01:00:00,17,sunday,2009,CAR,NO,23,10
243,01:00:00,17,sunday,2009,CLE,JAC,23,17
244,04:15:00,17,sunday,2009,DAL,PHI,24,0
245,01:00:00,17,sunday,2009,DET,CHI,23,37
246,01:00:00,17,sunday,2009,HOU,NE,34,27
247,01:00:00,17,sunday,2009,MIA,PIT,24,30
248,01:00:00,17,sunday,2009,MIN,NYG,44,7
249,08:20:00,17,sunday,2009,NYJ,CIN,37,0
250,01:00:00,17,sunday,2009,STL,SF,6,28
251,01:00:00,17,sunday,2009,TB,ATL,10,20
252,04:15:00,17,sunday,2009,ARI,GB,7,33
253,04:15:00,17,sunday,2009,DEN,KC,24,44
254,04:15:00,17,sunday,2009,OAK,BAL,13,21
255,04:15:00,17,sunday,2009,SD,WAS,23,20
256,04:15:00,17,sunday,2009,SEA,TEN,13,17
257,08:30:00,1,thursday,2010,NO,MIN,14,9
258,01:00:00,1,sunday,2010,TB,CLE,17,14
259,01:00:00,1,sunday,2010,BUF,MIA,10,15
260,01:00:00,1,sunday,2010,NE,CIN,38,24
261,01:00:00,1,sunday,2010,HOU,IND,34,24
262,01:00:00,1,sunday,2010,JAC,DEN,24,17
263,01:00:00,1,sunday,2010,TEN,OAK,38,13
264,01:00:00,1,sunday,2010,NYG,CAR,31,18
265,01:00:00,1,sunday,2010,CHI,DET,19,14
266,04:15:00,1,sunday,2010,STL,ARI,13,17
267,01:00:00,1,sunday,2010,PIT,ATL,15,9
268,04:15:00,1,sunday,2010,PHI,GB,20,27
269,04:15:00,1,sunday,2010,SEA,SF,31,6
270,08:20:00,1,sunday,2010,WAS,DAL,13,7
271,07:00:00,1,monday,2010,NYJ,BAL,9,10
272,10:15:00,1,monday,2010,KC,SD,21,14
273,04:15:00,2,sunday,2010,WAS,HOU,27,30
274,01:00:00,2,sunday,2010,GB,BUF,34,7
275,01:00:00,2,sunday,2010,MIN,MIA,10,14
276,01:00:00,2,sunday,2010,CLE,KC,14,16
277,01:00:00,2,sunday,2010,TEN,PIT,11,19
278,01:00:00,2,sunday,2010,DAL,CHI,20,27
279,01:00:00,2,sunday,2010,DET,PHI,32,35
280,01:00:00,2,sunday,2010,ATL,ARI,41,7
281,01:00:00,2,sunday,2010,CAR,TB,7,20
282,04:05:00,2,sunday,2010,DEN,SEA,31,14
283,04:05:00,2,sunday,2010,OAK,STL,16,14
284,04:15:00,2,sunday,2010,NYJ,NE,28,14
285,01:00:00,2,sunday,2010,CIN,BAL,15,10
286,04:15:00,2,sunday,2010,SD,JAC,38,13
287,08:20:00,2,sunday,2010,IND,NYG,38,14
288,08:30:00,2,monday,2010,SF,NO,22,25
289,01:00:00,3,sunday,2010,NYG,TEN,10,29
290,01:00:00,3,sunday,2010,CAR,CIN,7,20
291,01:00:00,3,sunday,2010,TB,PIT,13,38
292,01:00:00,3,sunday,2010,NE,BUF,38,30
293,01:00:00,3,sunday,2010,BAL,CLE,24,17
294,01:00:00,3,sunday,2010,MIN,DET,24,10
295,01:00:00,3,sunday,2010,NO,ATL,24,27
296,04:05:00,3,sunday,2010,STL,WAS,30,16
297,01:00:00,3,sunday,2010,HOU,DAL,13,27
298,01:00:00,3,sunday,2010,KC,SF,31,10
299,04:05:00,3,sunday,2010,JAC,PHI,3,28
300,04:15:00,3,sunday,2010,DEN,IND,13,27
301,04:15:00,3,sunday,2010,ARI,OAK,24,23
302,04:15:00,3,sunday,2010,SEA,SD,27,20
303,08:20:00,3,sunday,2010,MIA,NYJ,23,31
304,08:30:00,3,monday,2010,CHI,GB,20,17
305,01:00:00,4,sunday,2010,BUF,NYJ,14,38
306,01:00:00,4,sunday,2010,CLE,CIN,23,20
307,01:00:00,4,sunday,2010,PIT,BAL,14,17
308,01:00:00,4,sunday,2010,TEN,DEN,20,26
309,01:00:00,4,sunday,2010,GB,DET,28,26
310,01:00:00,4,sunday,2010,ATL,SF,16,14
311,01:00:00,4,sunday,2010,NO,CAR,16,14
312,01:00:00,4,sunday,2010,STL,SEA,20,3
313,04:05:00,4,sunday,2010,JAC,IND,31,28
314,04:05:00,4,sunday,2010,OAK,HOU,24,31
315,04:15:00,4,sunday,2010,PHI,WAS,12,17
316,04:15:00,4,sunday,2010,SD,ARI,41,10
317,08:20:00,4,sunday,2010,NYG,CHI,17,3
318,08:30:00,4,monday,2010,MIA,NE,14,41
319,01:00:00,5,sunday,2010,BUF,JAC,26,36
320,01:00:00,5,sunday,2010,BAL,DEN,31,17
321,01:00:00,5,sunday,2010,IND,KC,19,9
322,01:00:00,5,sunday,2010,WAS,GB,16,13
323,01:00:00,5,sunday,2010,DET,STL,44,6
324,01:00:00,5,sunday,2010,CAR,CHI,6,23
325,01:00:00,5,sunday,2010,CIN,TB,21,24
326,01:00:00,5,sunday,2010,CLE,ATL,10,20
327,01:00:00,5,sunday,2010,HOU,NYG,10,34
328,04:05:00,5,sunday,2010,ARI,NO,30,20
329,04:15:00,5,sunday,2010,DAL,TEN,27,34
330,04:15:00,5,sunday,2010,OAK,SD,35,27
331,08:20:00,5,sunday,2010,SF,PHI,24,27
332,08:30:00,5,monday,2010,NYJ,MIN,29,20
333,01:00:00,6,sunday,2010,GB,MIA,20,23
334,01:00:00,6,sunday,2010,STL,SD,20,17
335,01:00:00,6,sunday,2010,NE,BAL,23,20
336,01:00:00,6,sunday,2010,PIT,CLE,28,10
337,01:00:00,6,sunday,2010,HOU,KC,35,31
338,01:00:00,6,sunday,2010,NYG,DET,28,20
339,01:00:00,6,sunday,2010,PHI,ATL,31,17
340,01:00:00,6,sunday,2010,CHI,SEA,20,23
341,01:00:00,6,sunday,2010,TB,NO,6,31
342,04:05:00,6,sunday,2010,DEN,NYJ,20,24
343,04:05:00,6,sunday,2010,SF,OAK,17,9
344,04:15:00,6,sunday,2010,MIN,DAL,24,21
345,08:20:00,6,sunday,2010,WAS,IND,24,27
346,08:30:00,6,monday,2010,JAC,TEN,3,30
347,01:00:00,7,sunday,2010,ATL,CIN,39,32
348,01:00:00,7,sunday,2010,MIA,PIT,22,23
349,01:00:00,7,sunday,2010,BAL,BUF,37,34
350,01:00:00,7,sunday,2010,KC,JAC,42,20
351,01:00:00,7,sunday,2010,NO,CLE,17,30
352,01:00:00,7,sunday,2010,CHI,WAS,14,17
353,01:00:00,7,sunday,2010,CAR,SF,23,20
354,01:00:00,7,sunday,2010,TB,STL,18,17
355,01:00:00,7,sunday,2010,TEN,PHI,37,19
356,04:05:00,7,sunday,2010,SEA,ARI,22,10
357,04:15:00,7,sunday,2010,SD,NE,20,23
358,04:15:00,7,sunday,2010,DEN,OAK,14,59
359,08:20:00,7,sunday,2010,GB,MIN,28,24
360,08:30:00,7,monday,2010,DAL,NYG,35,41
361,01:00:00,8,sunday,2010,SF,DEN,24,16
362,01:00:00,8,sunday,2010,DAL,JAC,17,35
363,01:00:00,8,sunday,2010,CIN,MIA,14,22
364,01:00:00,8,sunday,2010,KC,BUF,13,10
365,01:00:00,8,sunday,2010,DET,WAS,37,25
366,01:00:00,8,sunday,2010,STL,CAR,20,10
367,01:00:00,8,sunday,2010,NYJ,GB,0,9
368,04:05:00,8,sunday,2010,SD,TEN,33,25
369,04:15:00,8,sunday,2010,NE,MIN,28,18
370,04:15:00,8,sunday,2010,ARI,TB,35,38
371,04:15:00,8,sunday,2010,OAK,SEA,33,3
372,08:20:00,8,sunday,2010,NO,PIT,20,10
373,08:30:00,8,monday,2010,IND,HOU,30,17
374,01:00:00,9,sunday,2010,DET,NYJ,20,23
375,01:00:00,9,sunday,2010,BAL,MIA,26,10
376,01:00:00,9,sunday,2010,CLE,NE,34,14
377,01:00:00,9,sunday,2010,HOU,SD,23,29
378,01:00:00,9,sunday,2010,BUF,CHI,19,22
379,01:00:00,9,sunday,2010,MIN,ARI,27,24
380,01:00:00,9,sunday,2010,ATL,TB,27,21
381,01:00:00,9,sunday,2010,CAR,NO,3,34
382,04:05:00,9,sunday,2010,SEA,NYG,7,41
383,04:15:00,9,sunday,2010,PHI,IND,26,24
384,04:15:00,9,sunday,2010,OAK,KC,23,20
385,08:20:00,9,sunday,2010,GB,DAL,45,7
386,08:30:00,9,monday,2010,CIN,PIT,21,27
387,08:20:00,10,thursday,2010,ATL,BAL,26,21
388,01:00:00,10,sunday,2010,MIA,TEN,29,17
389,01:00:00,10,sunday,2010,CLE,NYJ,20,26
390,01:00:00,10,sunday,2010,IND,CIN,23,17
391,01:00:00,10,sunday,2010,JAC,HOU,31,24
392,01:00:00,10,sunday,2010,CHI,MIN,27,13
393,01:00:00,10,sunday,2010,TB,CAR,31,16
394,01:00:00,10,sunday,2010,BUF,DET,14,12
395,04:05:00,10,sunday,2010,DEN,KC,49,29
396,04:15:00,10,sunday,2010,NYG,DAL,20,33
397,04:15:00,10,sunday,2010,ARI,SEA,18,36
398,04:15:00,10,sunday,2010,SF,STL,23,20
399,08:20:00,10,sunday,2010,PIT,NE,26,39
400,08:30:00,10,monday,2010,WAS,PHI,28,59
401,08:20:00,11,thursday,2010,MIA,CHI,0,16
402,01:00:00,11,sunday,2010,CAR,BAL,13,37
403,01:00:00,11,sunday,2010,NYJ,HOU,30,27
404,01:00:00,11,sunday,2010,CIN,BUF,31,49
405,01:00:00,11,sunday,2010,PIT,OAK,35,3
406,01:00:00,11,sunday,2010,JAC,CLE,24,20
407,01:00:00,11,sunday,2010,DAL,DET,35,19
408,01:00:00,11,sunday,2010,MIN,GB,3,31
409,04:05:00,11,sunday,2010,NO,SEA,34,19
410,01:00:00,11,sunday,2010,TEN,WAS,16,19
411,01:00:00,11,sunday,2010,KC,ARI,31,13
412,04:05:00,11,sunday,2010,STL,ATL,17,34
413,04:05:00,11,sunday,2010,SF,TB,0,21
414,04:15:00,11,sunday,2010,NE,IND,31,28
415,08:20:00,11,sunday,2010,PHI,NYG,27,17
416,08:30:00,11,monday,2010,SD,DEN,35,14
417,12:30:00,12,thursday,2010,DET,NE,24,45
418,04:15:00,12,thursday,2010,DAL,NO,27,30
419,08:20:00,12,thursday,2010,NYJ,CIN,26,10
420,01:00:00,12,sunday,2010,NYG,JAC,24,20
421,01:00:00,12,sunday,2010,BUF,PIT,16,19
422,01:00:00,12,sunday,2010,HOU,TEN,20,0
423,01:00:00,12,sunday,2010,WAS,MIN,13,17
424,04:15:00,12,sunday,2010,CHI,PHI,31,26
425,01:00:00,12,sunday,2010,ATL,GB,20,17
426,04:15:00,12,sunday,2010,BAL,TB,17,10
427,01:00:00,12,sunday,2010,CLE,CAR,24,23
428,04:05:00,12,sunday,2010,SEA,KC,24,42
429,04:05:00,12,sunday,2010,OAK,MIA,17,33
430,04:15:00,12,sunday,2010,DEN,STL,33,36
431,08:20:00,12,sunday,2010,IND,SD,14,36
432,08:30:00,12,monday,2010,ARI,SF,6,27
433,08:20:00,13,thursday,2010,PHI,HOU,34,24
434,01:00:00,13,sunday,2010,MIN,BUF,38,14
435,01:00:00,13,sunday,2010,MIA,CLE,10,13
436,01:00:00,13,sunday,2010,TEN,JAC,6,17
437,01:00:00,13,sunday,2010,KC,DEN,10,6
438,01:00:00,13,sunday,2010,NYG,WAS,31,7
439,01:00:00,13,sunday,2010,DET,CHI,20,24
440,01:00:00,13,sunday,2010,GB,SF,34,16
441,04:15:00,13,sunday,2010,TB,ATL,24,28
442,01:00:00,13,sunday,2010,CIN,NO,30,34
443,04:05:00,13,sunday,2010,SD,OAK,13,28
444,04:15:00,13,sunday,2010,IND,DAL,35,38
445,04:15:00,13,sunday,2010,ARI,STL,6,19
446,04:15:00,13,sunday,2010,SEA,CAR,31,14
447,08:20:00,13,sunday,2010,BAL,PIT,10,13
448,08:30:00,13,monday,2010,NE,NYJ,45,3
449,08:20:00,14,thursday,2010,TEN,IND,28,30
450,04:15:00,14,sunday,2010,CHI,NE,7,36
451,01:00:00,14,sunday,2010,BUF,CLE,13,6
452,01:00:00,14,sunday,2010,PIT,CIN,23,7
453,01:00:00,14,sunday,2010,JAC,OAK,38,31
454,01:00:00,14,sunday,2010,WAS,TB,16,17
455,01:00:00,14,sunday,2010,DET,GB,7,3
456,01:00:00,14,sunday,2010,CAR,ATL,10,31
457,04:05:00,14,sunday,2010,NO,STL,31,13
458,04:05:00,14,sunday,2010,SF,SEA,40,21
459,04:15:00,14,sunday,2010,NYJ,MIA,6,10
460,04:15:00,14,sunday,2010,ARI,DEN,43,13
461,04:15:00,14,sunday,2010,SD,KC,31,0
462,08:20:00,14,sunday,2010,DAL,PHI,27,30
463,08:30:00,14,monday,2010,HOU,BAL,28,34
464,07:20:00,14,monday,2010,MIN,NYG,3,21
465,08:20:00,15,thursday,2010,SD,SF,34,7
466,01:00:00,15,sunday,2010,STL,KC,13,27
467,01:00:00,15,sunday,2010,MIA,BUF,14,17
468,01:00:00,15,sunday,2010,CIN,CLE,19,17
469,01:00:00,15,sunday,2010,IND,JAC,34,24
470,01:00:00,15,sunday,2010,TEN,HOU,31,17
471,01:00:00,15,sunday,2010,DAL,WAS,33,30
472,01:00:00,15,sunday,2010,NYG,PHI,31,38
473,01:00:00,15,sunday,2010,CAR,ARI,19,12
474,01:00:00,15,sunday,2010,TB,DET,20,23
475,01:00:00,15,sunday,2010,BAL,NO,30,24
476,04:05:00,15,sunday,2010,SEA,ATL,18,34
477,04:15:00,15,sunday,2010,PIT,NYJ,17,22
478,04:15:00,15,sunday,2010,OAK,DEN,39,23
479,08:20:00,15,sunday,2010,NE,GB,31,27
480,08:30:00,15,monday,2010,MIN,CHI,14,40
481,08:20:00,16,thursday,2010,PIT,CAR,27,3
482,07:30:00,16,saturday,2010,ARI,DAL,27,26
483,01:00:00,16,sunday,2010,CHI,NYJ,38,34
484,01:00:00,16,sunday,2010,BUF,NE,3,34
485,01:00:00,16,sunday,2010,CLE,BAL,10,20
486,01:00:00,16,sunday,2010,KC,TEN,34,14
487,04:15:00,16,sunday,2010,TB,SEA,38,15
488,01:00:00,16,sunday,2010,STL,SF,25,17
489,01:00:00,16,sunday,2010,MIA,DET,27,34
490,01:00:00,16,sunday,2010,JAC,WAS,17,20
491,04:05:00,16,sunday,2010,DEN,HOU,24,23
492,04:05:00,16,sunday,2010,OAK,IND,26,31
493,04:15:00,16,sunday,2010,GB,NYG,45,17
494,04:05:00,16,sunday,2010,CIN,SD,34,20
495,08:30:00,16,monday,2010,ATL,NO,14,17
496,08:00:00,16,tuesday,2010,PHI,MIN,14,24
497,01:00:00,17,sunday,2010,NE,MIA,38,7
498,01:00:00,17,sunday,2010,NYJ,BUF,38,7
499,01:00:00,17,sunday,2010,BAL,CIN,13,7
500,01:00:00,17,sunday,2010,CLE,PIT,9,41
501,04:15:00,17,sunday,2010,HOU,JAC,34,17
502,04:15:00,17,sunday,2010,IND,TEN,23,20
503,01:00:00,17,sunday,2010,KC,OAK,10,31
504,04:15:00,17,sunday,2010,PHI,DAL,13,14
505,04:15:00,17,sunday,2010,WAS,NYG,14,17
506,01:00:00,17,sunday,2010,DET,MIN,20,13
507,04:15:00,17,sunday,2010,GB,CHI,10,3
508,01:00:00,17,sunday,2010,ATL,CAR,31,10
509,01:00:00,17,sunday,2010,NO,TB,13,23
510,04:15:00,17,sunday,2010,DEN,SD,28,33
511,04:15:00,17,sunday,2010,SF,ARI,38,7
512,08:20:00,17,sunday,2010,SEA,STL,16,6
513,08:30:00,1,thursday,2011,GB,NO,42,34
514,01:00:00,1,sunday,2011,BAL,PIT,35,7
515,01:00:00,1,sunday,2011,CLE,CIN,17,27
516,01:00:00,1,sunday,2011,HOU,IND,34,7
517,01:00:00,1,sunday,2011,JAC,TEN,16,14
518,01:00:00,1,sunday,2011,KC,BUF,7,41
519,01:00:00,1,sunday,2011,CHI,ATL,30,12
520,01:00:00,1,sunday,2011,TB,DET,20,27
521,01:00:00,1,sunday,2011,STL,PHI,13,31
522,04:15:00,1,sunday,2011,WAS,NYG,28,14
523,04:15:00,1,sunday,2011,ARI,CAR,28,21
524,04:15:00,1,sunday,2011,SF,SEA,33,17
525,04:15:00,1,sunday,2011,SD,MIN,24,17
526,08:20:00,1,sunday,2011,NYJ,DAL,27,24
527,07:00:00,1,monday,2011,MIA,NE,24,38
528,10:15:00,1,monday,2011,DEN,OAK,20,23
529,01:00:00,2,sunday,2011,DET,KC,48,3
530,01:00:00,2,sunday,2011,BUF,OAK,38,35
531,01:00:00,2,sunday,2011,TEN,BAL,26,13
532,01:00:00,2,sunday,2011,NYJ,JAC,32,3
533,01:00:00,2,sunday,2011,IND,CLE,19,27
534,01:00:00,2,sunday,2011,WAS,ARI,22,21
535,01:00:00,2,sunday,2011,MIN,TB,20,24
536,01:00:00,2,sunday,2011,CAR,GB,23,30
537,01:00:00,2,sunday,2011,NO,CHI,30,13
538,01:00:00,2,sunday,2011,PIT,SEA,24,0
539,04:05:00,2,sunday,2011,SF,DAL,24,27
540,04:15:00,2,sunday,2011,NE,SD,35,21
541,04:15:00,2,sunday,2011,DEN,CIN,24,22
542,04:15:00,2,sunday,2011,MIA,HOU,13,23
543,08:20:00,2,sunday,2011,ATL,PHI,35,31
544,08:30:00,2,monday,2011,NYG,STL,28,16
545,01:00:00,3,sunday,2011,CAR,JAC,16,10
546,01:00:00,3,sunday,2011,NO,HOU,40,33
547,01:00:00,3,sunday,2011,BUF,NE,34,31
548,01:00:00,3,sunday,2011,CLE,MIA,17,16
549,01:00:00,3,sunday,2011,TEN,DEN,17,14
550,01:00:00,3,sunday,2011,PHI,NYG,16,29
551,01:00:00,3,sunday,2011,MIN,DET,23,26
552,01:00:00,3,sunday,2011,CIN,SF,8,13
553,04:05:00,3,sunday,2011,OAK,NYJ,34,24
554,04:05:00,3,sunday,2011,SD,KC,20,17
555,04:05:00,3,sunday,2011,STL,BAL,7,37
556,04:15:00,3,sunday,2011,CHI,GB,17,27
557,04:15:00,3,sunday,2011,SEA,ARI,13,10
558,04:15:00,3,sunday,2011,TB,ATL,16,13
559,08:20:00,3,sunday,2011,IND,PIT,20,23
560,08:30:00,3,monday,2011,DAL,WAS,18,16
561,01:00:00,4,sunday,2011,CIN,BUF,23,20
562,01:00:00,4,sunday,2011,CLE,TEN,13,31
563,01:00:00,4,sunday,2011,HOU,PIT,17,10
564,01:00:00,4,sunday,2011,DAL,DET,30,34
565,01:00:00,4,sunday,2011,PHI,SF,23,24
566,01:00:00,4,sunday,2011,CHI,CAR,34,29
567,01:00:00,4,sunday,2011,STL,WAS,10,17
568,01:00:00,4,sunday,2011,JAC,NO,10,23
569,01:00:00,4,sunday,2011,KC,MIN,22,17
570,04:05:00,4,sunday,2011,ARI,NYG,27,31
571,04:05:00,4,sunday,2011,SEA,ATL,28,30
572,04:15:00,4,sunday,2011,GB,DEN,49,23
573,04:15:00,4,sunday,2011,OAK,NE,19,31
574,04:15:00,4,sunday,2011,SD,MIA,26,16
575,08:20:00,4,sunday,2011,BAL,NYJ,34,17
576,08:30:00,4,monday,2011,TB,IND,24,17
577,01:00:00,5,sunday,2011,PIT,TEN,38,17
578,01:00:00,5,sunday,2011,HOU,OAK,20,25
579,01:00:00,5,sunday,2011,IND,KC,24,28
580,01:00:00,5,sunday,2011,JAC,CIN,20,30
581,01:00:00,5,sunday,2011,NYG,SEA,25,36
582,01:00:00,5,sunday,2011,MIN,ARI,34,10
583,01:00:00,5,sunday,2011,CAR,NO,27,30
584,01:00:00,5,sunday,2011,BUF,PHI,31,24
585,04:05:00,5,sunday,2011,SF,TB,48,3
586,04:15:00,5,sunday,2011,NE,NYJ,30,21
587,04:15:00,5,sunday,2011,DEN,SD,24,29
588,08:20:00,5,sunday,2011,ATL,GB,14,25
589,08:30:00,5,monday,2011,DET,CHI,24,13
590,01:00:00,6,sunday,2011,NYG,BUF,27,24
591,01:00:00,6,sunday,2011,CIN,IND,27,17
592,01:00:00,6,sunday,2011,PIT,JAC,17,13
593,01:00:00,6,sunday,2011,WAS,PHI,13,20
594,01:00:00,6,sunday,2011,DET,SF,19,25
595,01:00:00,6,sunday,2011,GB,STL,24,3
596,01:00:00,6,sunday,2011,ATL,CAR,31,17
597,04:05:00,6,sunday,2011,OAK,CLE,24,17
598,04:05:00,6,sunday,2011,BAL,HOU,29,14
599,04:15:00,6,sunday,2011,TB,NO,26,20
600,04:15:00,6,sunday,2011,NE,DAL,20,16
601,08:20:00,6,sunday,2011,CHI,MIN,39,10
602,08:30:00,6,monday,2011,NYJ,MIA,24,6
603,01:00:00,7,sunday,2011,MIA,DEN,15,18
604,01:00:00,7,sunday,2011,NYJ,SD,27,21
605,01:00:00,7,sunday,2011,TEN,HOU,7,41
606,01:00:00,7,sunday,2011,DET,ATL,16,23
607,01:00:00,7,sunday,2011,CAR,WAS,33,20
608,01:00:00,7,sunday,2011,TB,CHI,18,24
609,01:00:00,7,sunday,2011,CLE,SEA,6,3
610,04:05:00,7,sunday,2011,ARI,PIT,20,32
611,04:05:00,7,sunday,2011,OAK,KC,0,28
612,04:15:00,7,sunday,2011,MIN,GB,27,33
613,04:15:00,7,sunday,2011,DAL,STL,34,7
614,08:20:00,7,sunday,2011,NO,IND,62,7
615,08:30:00,7,monday,2011,JAC,BAL,12,7
616,01:00:00,8,sunday,2011,NYG,MIA,20,17
617,01:00:00,8,sunday,2011,HOU,JAC,24,14
618,01:00:00,8,sunday,2011,TEN,IND,27,10
619,01:00:00,8,sunday,2011,CAR,MIN,21,24
620,01:00:00,8,sunday,2011,STL,NO,31,21
621,01:00:00,8,sunday,2011,BAL,ARI,30,27
622,04:05:00,8,sunday,2011,DEN,DET,10,45
623,04:05:00,8,sunday,2011,BUF,WAS,23,0
624,04:15:00,8,sunday,2011,PIT,NE,25,17
625,04:15:00,8,sunday,2011,SF,CLE,20,10
626,04:15:00,8,sunday,2011,SEA,CIN,12,34
627,08:20:00,8,sunday,2011,PHI,DAL,34,7
628,08:30:00,8,monday,2011,KC,SD,23,20
629,01:00:00,9,sunday,2011,BUF,NYJ,11,27
630,01:00:00,9,sunday,2011,HOU,CLE,30,12
631,01:00:00,9,sunday,2011,KC,MIA,3,31
632,01:00:00,9,sunday,2011,DAL,SEA,23,13
633,01:00:00,9,sunday,2011,WAS,SF,11,19
634,01:00:00,9,sunday,2011,NO,TB,27,16
635,01:00:00,9,sunday,2011,IND,ATL,7,31
636,04:05:00,9,sunday,2011,OAK,DEN,24,38
637,04:05:00,9,sunday,2011,TEN,CIN,17,24
638,04:15:00,9,sunday,2011,NE,NYG,20,24
639,04:15:00,9,sunday,2011,SD,GB,38,45
640,04:15:00,9,sunday,2011,ARI,STL,19,13
641,08:20:00,9,sunday,2011,PIT,BAL,20,23
642,08:30:00,9,monday,2011,PHI,CHI,24,30
643,08:20:00,10,thursday,2011,SD,OAK,17,24
644,01:00:00,10,sunday,2011,DAL,BUF,44,7
645,01:00:00,10,sunday,2011,CAR,TEN,3,30
646,01:00:00,10,sunday,2011,TB,HOU,9,37
647,01:00:00,10,sunday,2011,CIN,PIT,17,24
648,01:00:00,10,sunday,2011,IND,JAC,3,17
649,01:00:00,10,sunday,2011,KC,DEN,10,17
650,01:00:00,10,sunday,2011,PHI,ARI,17,21
651,04:15:00,10,sunday,2011,CHI,DET,37,13
652,01:00:00,10,sunday,2011,ATL,NO,23,26
653,01:00:00,10,sunday,2011,MIA,WAS,20,9
654,01:00:00,10,sunday,2011,CLE,STL,12,13
655,04:05:00,10,sunday,2011,SEA,BAL,22,17
656,04:15:00,10,sunday,2011,SF,NYG,27,20
657,08:20:00,10,sunday,2011,NYJ,NE,16,37
658,08:30:00,10,monday,2011,GB,MIN,45,7
659,08:20:00,11,thursday,2011,DEN,NYJ,17,13
660,01:00:00,11,sunday,2011,MIN,OAK,21,27
661,04:15:00,11,sunday,2011,ATL,TEN,23,17
662,01:00:00,11,sunday,2011,MIA,BUF,35,8
663,01:00:00,11,sunday,2011,CLE,JAC,14,10
664,01:00:00,11,sunday,2011,BAL,CIN,31,24
665,01:00:00,11,sunday,2011,WAS,DAL,24,27
666,01:00:00,11,sunday,2011,DET,CAR,49,35
667,01:00:00,11,sunday,2011,GB,TB,35,26
668,04:05:00,11,sunday,2011,SF,ARI,23,7
669,04:05:00,11,sunday,2011,STL,SEA,7,24
670,04:15:00,11,sunday,2011,CHI,SD,31,20
671,08:20:00,11,sunday,2011,NYG,PHI,10,17
672,08:30:00,11,monday,2011,NE,KC,34,3
673,12:30:00,12,thursday,2011,DET,GB,15,27
674,04:15:00,12,thursday,2011,DAL,MIA,20,19
675,08:20:00,12,thursday,2011,BAL,SF,16,6
676,01:00:00,12,sunday,2011,NYJ,BUF,28,24
677,01:00:00,12,sunday,2011,CIN,CLE,23,20
678,01:00:00,12,sunday,2011,JAC,HOU,13,20
679,01:00:00,12,sunday,2011,ATL,MIN,24,14
680,01:00:00,12,sunday,2011,STL,ARI,20,23
681,01:00:00,12,sunday,2011,IND,CAR,19,27
682,01:00:00,12,sunday,2011,TEN,TB,23,17
683,04:05:00,12,sunday,2011,SEA,WAS,17,23
684,04:05:00,12,sunday,2011,OAK,CHI,25,20
685,04:15:00,12,sunday,2011,PHI,NE,20,38
686,04:15:00,12,sunday,2011,SD,DEN,13,16
687,08:20:00,12,sunday,2011,KC,PIT,9,13
688,08:30:00,12,monday,2011,NO,NYG,49,24
689,08:20:00,13,thursday,2011,SEA,PHI,31,14
690,01:00:00,13,sunday,2011,WAS,NYJ,19,34
691,01:00:00,13,sunday,2011,CHI,KC,3,10
692,01:00:00,13,sunday,2011,BUF,TEN,17,23
693,01:00:00,13,sunday,2011,MIA,OAK,34,14
694,04:05:00,13,sunday,2011,CLE,BAL,10,24
695,01:00:00,13,sunday,2011,PIT,CIN,35,7
696,08:20:00,13,sunday,2011,NO,DET,31,17
697,01:00:00,13,sunday,2011,TB,CAR,19,38
698,01:00:00,13,sunday,2011,HOU,ATL,17,10
699,01:00:00,13,sunday,2011,MIN,DEN,32,35
700,04:15:00,13,sunday,2011,NYG,GB,35,38
701,04:15:00,13,sunday,2011,ARI,DAL,19,13
702,04:15:00,13,sunday,2011,SF,STL,26,0
703,01:00:00,13,sunday,2011,NE,IND,31,24
704,08:30:00,13,monday,2011,JAC,SD,14,38
705,08:20:00,14,thursday,2011,PIT,CLE,14,3
706,01:00:00,14,sunday,2011,WAS,NE,27,34
707,04:15:00,14,sunday,2011,GB,OAK,46,16
708,01:00:00,14,sunday,2011,NYJ,KC,37,10
709,01:00:00,14,sunday,2011,CIN,HOU,19,20
710,01:00:00,14,sunday,2011,BAL,IND,24,10
711,01:00:00,14,sunday,2011,DET,MIN,34,28
712,01:00:00,14,sunday,2011,CAR,ATL,23,31
713,01:00:00,14,sunday,2011,MIA,PHI,10,26
714,01:00:00,14,sunday,2011,JAC,TB,41,14
715,01:00:00,14,sunday,2011,TEN,NO,17,22
716,04:05:00,14,sunday,2011,ARI,SF,21,19
717,04:05:00,14,sunday,2011,DEN,CHI,13,10
718,04:15:00,14,sunday,2011,SD,BUF,37,10
719,08:20:00,14,sunday,2011,DAL,NYG,34,37
720,08:30:00,14,monday,2011,SEA,STL,30,13
721,08:20:00,15,thursday,2011,ATL,JAC,41,14
722,08:20:00,15,saturday,2011,TB,DAL,15,31
723,01:00:00,15,sunday,2011,STL,CIN,13,20
724,01:00:00,15,sunday,2011,BUF,MIA,23,30
725,01:00:00,15,sunday,2011,IND,TEN,27,13
726,01:00:00,15,sunday,2011,NYG,WAS,10,23
727,01:00:00,15,sunday,2011,CHI,SEA,14,38
728,01:00:00,15,sunday,2011,MIN,NO,20,42
729,01:00:00,15,sunday,2011,HOU,CAR,13,28
730,01:00:00,15,sunday,2011,KC,GB,19,14
731,04:05:00,15,sunday,2011,OAK,DET,27,28
732,04:15:00,15,sunday,2011,PHI,NYJ,45,19
733,04:15:00,15,sunday,2011,ARI,CLE,20,17
734,04:15:00,15,sunday,2011,DEN,NE,23,41
735,08:20:00,15,sunday,2011,SD,BAL,34,14
736,08:30:00,15,monday,2011,SF,PIT,20,3
737,08:20:00,16,thursday,2011,IND,HOU,19,16
738,01:00:00,16,saturday,2011,BUF,DEN,40,14
739,01:00:00,16,saturday,2011,NE,MIA,27,24
740,01:00:00,16,saturday,2011,BAL,CLE,20,14
741,01:00:00,16,saturday,2011,TEN,JAC,23,17
742,01:00:00,16,saturday,2011,KC,OAK,13,16
743,01:00:00,16,saturday,2011,NYJ,NYG,14,29
744,01:00:00,16,saturday,2011,WAS,MIN,26,33
745,01:00:00,16,saturday,2011,CAR,TB,48,16
746,01:00:00,16,saturday,2011,CIN,ARI,23,16
747,01:00:00,16,saturday,2011,PIT,STL,27,0
748,04:05:00,16,saturday,2011,DET,SD,38,10
749,04:15:00,16,saturday,2011,DAL,PHI,7,20
750,04:15:00,16,saturday,2011,SEA,SF,17,19
751,08:20:00,16,sunday,2011,GB,CHI,35,21
752,08:30:00,16,monday,2011,NO,ATL,45,16
753,01:00:00,17,sunday,2011,MIA,NYJ,19,17
754,01:00:00,17,sunday,2011,NE,BUF,49,21
755,04:15:00,17,sunday,2011,CIN,BAL,16,24
756,04:15:00,17,sunday,2011,CLE,PIT,9,13
757,01:00:00,17,sunday,2011,HOU,TEN,22,23
758,01:00:00,17,sunday,2011,JAC,IND,19,13
759,08:20:00,17,sunday,2011,NYG,DAL,31,14
760,01:00:00,17,sunday,2011,PHI,WAS,34,10
761,01:00:00,17,sunday,2011,GB,DET,45,41
762,01:00:00,17,sunday,2011,MIN,CHI,13,17
763,04:15:00,17,sunday,2011,ATL,TB,45,24
764,01:00:00,17,sunday,2011,NO,CAR,45,17
765,01:00:00,17,sunday,2011,STL,SF,27,34
766,04:15:00,17,sunday,2011,DEN,KC,3,7
767,04:15:00,17,sunday,2011,OAK,SD,26,38
768,04:15:00,17,sunday,2011,ARI,SEA,23,20
769,08:30:00,1,wednesday,2012,NYG,DAL,17,24
770,01:00:00,1,sunday,2012,CHI,IND,41,21
771,01:00:00,1,sunday,2012,MIN,JAC,26,23
772,01:00:00,1,sunday,2012,NYJ,BUF,48,28
773,01:00:00,1,sunday,2012,HOU,MIA,30,10
774,01:00:00,1,sunday,2012,TEN,NE,13,34
775,01:00:00,1,sunday,2012,DET,STL,27,23
776,01:00:00,1,sunday,2012,NO,WAS,32,40
777,01:00:00,1,sunday,2012,CLE,PHI,16,17
778,01:00:00,1,sunday,2012,KC,ATL,24,40
779,04:25:00,1,sunday,2012,GB,SF,22,30
780,04:25:00,1,sunday,2012,ARI,SEA,20,16
781,04:25:00,1,sunday,2012,TB,CAR,16,10
782,08:20:00,1,sunday,2012,DEN,PIT,31,19
783,07:00:00,1,monday,2012,BAL,CIN,44,13
784,10:15:00,1,monday,2012,OAK,SD,14,22
785,08:20:00,2,thursday,2012,GB,CHI,23,10
786,01:00:00,2,sunday,2012,NYG,TB,41,34
787,01:00:00,2,sunday,2012,CAR,NO,35,27
788,01:00:00,2,sunday,2012,NE,ARI,18,20
789,01:00:00,2,sunday,2012,IND,MIN,23,20
790,01:00:00,2,sunday,2012,PHI,BAL,24,23
791,01:00:00,2,sunday,2012,BUF,KC,35,17
792,01:00:00,2,sunday,2012,CIN,CLE,34,27
793,01:00:00,2,sunday,2012,JAC,HOU,7,27
794,04:05:00,2,sunday,2012,SEA,DAL,27,7
795,04:05:00,2,sunday,2012,STL,WAS,31,28
796,04:25:00,2,sunday,2012,PIT,NYJ,27,10
797,04:25:00,2,sunday,2012,SD,TEN,38,10
798,01:00:00,2,sunday,2012,MIA,OAK,35,13
799,08:20:00,2,sunday,2012,SF,DET,27,19
800,08:30:00,2,monday,2012,ATL,DEN,27,21
801,08:20:00,3,thursday,2012,CAR,NYG,7,36
802,01:00:00,3,sunday,2012,DAL,TB,16,10
803,01:00:00,3,sunday,2012,CHI,STL,23,6
804,01:00:00,3,sunday,2012,MIN,SF,24,13
805,01:00:00,3,sunday,2012,TEN,DET,44,41
806,01:00:00,3,sunday,2012,WAS,CIN,31,38
807,01:00:00,3,sunday,2012,NO,KC,24,27
808,01:00:00,3,sunday,2012,MIA,NYJ,20,23
809,01:00:00,3,sunday,2012,CLE,BUF,14,24
810,01:00:00,3,sunday,2012,IND,JAC,17,22
811,04:05:00,3,sunday,2012,ARI,PHI,27,6
812,04:05:00,3,sunday,2012,SD,ATL,3,27
813,04:25:00,3,sunday,2012,DEN,HOU,25,31
814,04:25:00,3,sunday,2012,OAK,PIT,34,31
815,08:20:00,3,sunday,2012,BAL,NE,31,30
816,08:30:00,3,monday,2012,SEA,GB,14,12
817,08:20:00,4,thursday,2012,BAL,CLE,23,16
818,01:00:00,4,sunday,2012,BUF,NE,28,52
819,01:00:00,4,sunday,2012,HOU,TEN,38,14
820,01:00:00,4,sunday,2012,KC,SD,20,37
821,01:00:00,4,sunday,2012,DET,MIN,13,20
822,01:00:00,4,sunday,2012,ATL,CAR,30,28
823,01:00:00,4,sunday,2012,STL,SEA,19,13
824,01:00:00,4,sunday,2012,NYJ,SF,0,34
825,04:05:00,4,sunday,2012,ARI,MIA,24,21
826,04:05:00,4,sunday,2012,DEN,OAK,37,6
827,04:05:00,4,sunday,2012,JAC,CIN,10,27
828,04:25:00,4,sunday,2012,GB,NO,28,27
829,04:25:00,4,sunday,2012,TB,WAS,22,24
830,08:20:00,4,sunday,2012,PHI,NYG,19,17
831,08:30:00,4,monday,2012,DAL,CHI,18,34
832,08:20:00,5,thursday,2012,STL,ARI,17,3
833,01:00:00,5,sunday,2012,WAS,ATL,17,24
834,01:00:00,5,sunday,2012,PIT,PHI,16,14
835,01:00:00,5,sunday,2012,IND,GB,30,27
836,01:00:00,5,sunday,2012,NYG,CLE,41,27
837,04:25:00,5,sunday,2012,MIN,TEN,30,7
838,01:00:00,5,sunday,2012,CIN,MIA,13,17
839,01:00:00,5,sunday,2012,KC,BAL,6,9
840,04:05:00,5,sunday,2012,CAR,SEA,12,16
841,04:05:00,5,sunday,2012,JAC,CHI,3,41
842,04:25:00,5,sunday,2012,NE,DEN,31,21
843,04:25:00,5,sunday,2012,SF,BUF,45,3
844,08:20:00,5,sunday,2012,NO,SD,31,24
845,08:30:00,5,monday,2012,NYJ,HOU,17,23
846,08:20:00,6,thursday,2012,TEN,PIT,26,23
847,01:00:00,6,sunday,2012,ATL,OAK,23,20
848,01:00:00,6,sunday,2012,TB,KC,38,10
849,01:00:00,6,sunday,2012,NYJ,IND,35,9
850,01:00:00,6,sunday,2012,CLE,CIN,34,24
851,01:00:00,6,sunday,2012,PHI,DET,23,26
852,01:00:00,6,sunday,2012,MIA,STL,17,14
853,01:00:00,6,sunday,2012,BAL,DAL,31,29
854,04:05:00,6,sunday,2012,ARI,BUF,16,19
855,04:05:00,6,sunday,2012,SEA,NE,24,23
856,04:25:00,6,sunday,2012,SF,NYG,3,26
857,04:25:00,6,sunday,2012,WAS,MIN,38,26
858,08:20:00,6,sunday,2012,HOU,GB,24,42
859,08:30:00,6,monday,2012,SD,DEN,24,35
860,08:20:00,7,thursday,2012,SF,SEA,13,6
861,01:00:00,7,sunday,2012,NYG,WAS,27,23
862,01:00:00,7,sunday,2012,MIN,ARI,21,14
863,01:00:00,7,sunday,2012,CAR,DAL,14,19
864,01:00:00,7,sunday,2012,TB,NO,28,35
865,01:00:00,7,sunday,2012,STL,GB,20,30
866,01:00:00,7,sunday,2012,HOU,BAL,43,13
867,01:00:00,7,sunday,2012,IND,CLE,17,13
868,01:00:00,7,sunday,2012,BUF,TEN,34,35
869,04:25:00,7,sunday,2012,NE,NYJ,29,26
870,04:25:00,7,sunday,2012,OAK,JAC,26,23
871,08:20:00,7,sunday,2012,CIN,PIT,17,24
872,08:30:00,7,monday,2012,CHI,DET,13,7
873,08:20:00,8,thursday,2012,MIN,TB,17,36
874,01:00:00,8,sunday,2012,GB,JAC,24,15
875,01:00:00,8,sunday,2012,NYJ,MIA,9,30
876,01:00:00,8,sunday,2012,CLE,SD,7,6
877,01:00:00,8,sunday,2012,TEN,IND,13,19
878,01:00:00,8,sunday,2012,STL,NE,7,45
879,01:00:00,8,sunday,2012,PHI,ATL,17,30
880,01:00:00,8,sunday,2012,CHI,CAR,23,22
881,01:00:00,8,sunday,2012,DET,SEA,28,24
882,01:00:00,8,sunday,2012,PIT,WAS,27,12
883,04:05:00,8,sunday,2012,KC,OAK,16,26
884,04:25:00,8,sunday,2012,DAL,NYG,24,29
885,08:20:00,8,sunday,2012,DEN,NO,34,14
886,08:30:00,8,monday,2012,ARI,SF,3,24
887,08:20:00,9,thursday,2012,SD,KC,31,13
888,01:00:00,9,sunday,2012,WAS,CAR,13,21
889,01:00:00,9,sunday,2012,GB,ARI,31,17
890,01:00:00,9,sunday,2012,JAC,DET,14,31
891,01:00:00,9,sunday,2012,TEN,CHI,20,51
892,01:00:00,9,sunday,2012,CIN,DEN,23,31
893,01:00:00,9,sunday,2012,CLE,BAL,15,25
894,01:00:00,9,sunday,2012,HOU,BUF,21,9
895,01:00:00,9,sunday,2012,IND,MIA,23,20
896,04:05:00,9,sunday,2012,SEA,MIN,30,20
897,04:05:00,9,sunday,2012,OAK,TB,32,42
898,04:25:00,9,sunday,2012,NYG,PIT,20,24
899,08:20:00,9,sunday,2012,ATL,DAL,19,13
900,08:30:00,9,monday,2012,NO,PHI,28,13
901,08:20:00,10,thursday,2012,JAC,IND,10,27
902,01:00:00,10,sunday,2012,CAR,DEN,14,36
903,01:00:00,10,sunday,2012,TB,SD,34,24
904,01:00:00,10,sunday,2012,MIA,TEN,3,37
905,01:00:00,10,sunday,2012,NE,BUF,37,31
906,01:00:00,10,sunday,2012,BAL,OAK,55,20
907,01:00:00,10,sunday,2012,CIN,NYG,31,13
908,01:00:00,10,sunday,2012,NO,ATL,31,27
909,01:00:00,10,sunday,2012,MIN,DET,34,24
910,04:05:00,10,sunday,2012,SEA,NYJ,28,7
911,04:25:00,10,sunday,2012,PHI,DAL,23,38
912,04:25:00,10,sunday,2012,SF,STL,24,24
913,08:20:00,10,sunday,2012,CHI,HOU,6,13
914,08:30:00,10,monday,2012,PIT,KC,16,13
915,08:20:00,11,thursday,2012,BUF,MIA,19,14
916,01:00:00,11,sunday,2012,WAS,PHI,31,6
917,01:00:00,11,sunday,2012,DET,GB,20,24
918,01:00:00,11,sunday,2012,ATL,ARI,23,19
919,01:00:00,11,sunday,2012,CAR,TB,21,27
920,01:00:00,11,sunday,2012,DAL,CLE,23,20
921,01:00:00,11,sunday,2012,STL,NYJ,13,27
922,04:25:00,11,sunday,2012,NE,IND,59,24
923,01:00:00,11,sunday,2012,HOU,JAC,43,37
924,01:00:00,11,sunday,2012,KC,CIN,6,28
925,04:05:00,11,sunday,2012,OAK,NO,17,38
926,04:25:00,11,sunday,2012,DEN,SD,30,23
927,08:20:00,11,sunday,2012,PIT,BAL,10,13
928,08:30:00,11,monday,2012,SF,CHI,32,7
929,12:30:00,12,thursday,2012,DET,HOU,31,34
930,04:25:00,12,thursday,2012,DAL,WAS,31,38
931,08:20:00,12,thursday,2012,NYJ,NE,19,49
932,01:00:00,12,sunday,2012,CIN,OAK,34,10
933,01:00:00,12,sunday,2012,CLE,PIT,20,14
934,01:00:00,12,sunday,2012,IND,BUF,20,13
935,01:00:00,12,sunday,2012,JAC,TEN,24,19
936,01:00:00,12,sunday,2012,KC,DEN,9,17
937,01:00:00,12,sunday,2012,CHI,MIN,28,10
938,01:00:00,12,sunday,2012,TB,ATL,23,24
939,01:00:00,12,sunday,2012,MIA,SEA,24,21
940,04:05:00,12,sunday,2012,SD,BAL,13,16
941,04:25:00,12,sunday,2012,NO,SF,21,31
942,04:25:00,12,sunday,2012,ARI,STL,17,31
943,08:20:00,12,sunday,2012,NYG,GB,38,10
944,08:30:00,12,monday,2012,PHI,CAR,22,30
945,08:20:00,13,thursday,2012,ATL,NO,23,13
946,01:00:00,13,sunday,2012,CHI,SEA,17,23
947,01:00:00,13,sunday,2012,GB,MIN,23,14
948,01:00:00,13,sunday,2012,STL,SF,16,13
949,01:00:00,13,sunday,2012,NYJ,ARI,7,6
950,01:00:00,13,sunday,2012,KC,CAR,27,21
951,01:00:00,13,sunday,2012,DET,IND,33,35
952,01:00:00,13,sunday,2012,BUF,JAC,34,18
953,01:00:00,13,sunday,2012,MIA,NE,16,23
954,01:00:00,13,sunday,2012,TEN,HOU,10,24
955,04:05:00,13,sunday,2012,DEN,TB,31,23
956,04:25:00,13,sunday,2012,BAL,PIT,20,23
957,04:25:00,13,sunday,2012,OAK,CLE,17,20
958,04:25:00,13,sunday,2012,SD,CIN,13,20
959,08:20:00,13,sunday,2012,DAL,PHI,38,33
960,08:30:00,13,monday,2012,WAS,NYG,17,16
961,08:20:00,14,thursday,2012,OAK,DEN,13,26
962,01:00:00,14,sunday,2012,WAS,BAL,31,28
963,01:00:00,14,sunday,2012,CLE,KC,30,7
964,01:00:00,14,sunday,2012,PIT,SD,24,34
965,01:00:00,14,sunday,2012,IND,TEN,27,23
966,01:00:00,14,sunday,2012,JAC,NYJ,10,17
967,01:00:00,14,sunday,2012,MIN,CHI,21,14
968,01:00:00,14,sunday,2012,CAR,ATL,30,20
969,01:00:00,14,sunday,2012,TB,PHI,21,23
970,01:00:00,14,sunday,2012,BUF,STL,12,15
971,01:00:00,14,sunday,2012,CIN,DAL,19,20
972,04:05:00,14,sunday,2012,SF,MIA,27,13
973,04:25:00,14,sunday,2012,NYG,NO,52,27
974,04:25:00,14,sunday,2012,SEA,ARI,58,0
975,08:20:00,14,sunday,2012,GB,DET,27,20
976,08:30:00,14,monday,2012,NE,HOU,42,14
977,08:20:00,15,thursday,2012,PHI,CIN,13,34
978,01:00:00,15,sunday,2012,CHI,GB,13,21
979,01:00:00,15,sunday,2012,ATL,NYG,34,0
980,01:00:00,15,sunday,2012,NO,TB,41,0
981,01:00:00,15,sunday,2012,STL,MIN,22,36
982,01:00:00,15,sunday,2012,CLE,WAS,21,38
983,01:00:00,15,sunday,2012,MIA,JAC,24,3
984,01:00:00,15,sunday,2012,BAL,DEN,17,34
985,01:00:00,15,sunday,2012,HOU,IND,29,17
986,04:05:00,15,sunday,2012,ARI,DET,38,10
987,04:05:00,15,sunday,2012,SD,CAR,7,31
988,04:05:00,15,sunday,2012,BUF,SEA,17,50
989,04:25:00,15,sunday,2012,DAL,PIT,27,24
990,04:25:00,15,sunday,2012,OAK,KC,15,0
991,08:20:00,15,sunday,2012,NE,SF,34,41
992,08:30:00,15,monday,2012,TEN,NYJ,14,10
993,08:30:00,16,saturday,2012,DET,ATL,18,31
994,01:00:00,16,sunday,2012,GB,TEN,55,7
995,01:00:00,16,sunday,2012,CAR,OAK,17,6
996,01:00:00,16,sunday,2012,MIA,BUF,24,10
997,01:00:00,16,sunday,2012,PIT,CIN,10,13
998,01:00:00,16,sunday,2012,JAC,NE,16,23
999,01:00:00,16,sunday,2012,KC,IND,13,20
1000,01:00:00,16,sunday,2012,DAL,NO,31,34
1001,01:00:00,16,sunday,2012,PHI,WAS,20,27
1002,01:00:00,16,sunday,2012,TB,STL,13,28
1003,04:25:00,16,sunday,2012,BAL,NYG,33,14
1004,01:00:00,16,sunday,2012,HOU,MIN,6,23
1005,04:05:00,16,sunday,2012,DEN,CLE,34,12
1006,04:25:00,16,sunday,2012,ARI,CHI,13,28
1007,08:20:00,16,sunday,2012,SEA,SF,42,13
1008,01:00:00,16,sunday,2012,NYJ,SD,17,27
1009,01:00:00,17,sunday,2012,BUF,NYJ,28,9
1010,04:25:00,17,sunday,2012,NE,MIA,28,0
1011,01:00:00,17,sunday,2012,CIN,BAL,23,17
1012,01:00:00,17,sunday,2012,PIT,CLE,24,10
1013,01:00:00,17,sunday,2012,IND,HOU,28,16
1014,01:00:00,17,sunday,2012,TEN,JAC,38,20
1015,01:00:00,17,sunday,2012,NYG,PHI,42,7
1016,08:20:00,17,sunday,2012,WAS,DAL,28,18
1017,01:00:00,17,sunday,2012,DET,CHI,24,26
1018,04:25:00,17,sunday,2012,MIN,GB,37,34
1019,01:00:00,17,sunday,2012,ATL,TB,17,22
1020,01:00:00,17,sunday,2012,NO,CAR,38,44
1021,04:25:00,17,sunday,2012,DEN,KC,38,3
1022,04:25:00,17,sunday,2012,SD,OAK,24,21
1023,04:25:00,17,sunday,2012,SF,ARI,27,13
1024,04:25:00,17,sunday,2012,SEA,STL,20,13
1025,08:30:00,1,thursday,2013,DEN,BAL,49,27
1026,01:00:00,1,sunday,2013,BUF,NE,21,23
1027,01:00:00,1,sunday,2013,CAR,SEA,7,12
1028,01:00:00,1,sunday,2013,CHI,CIN,24,21
1029,01:00:00,1,sunday,2013,CLE,MIA,10,23
1030,01:00:00,1,sunday,2013,DET,MIN,34,24
1031,01:00:00,1,sunday,2013,IND,OAK,21,17
1032,01:00:00,1,sunday,2013,JAC,KC,2,28
1033,01:00:00,1,sunday,2013,NYJ,TB,18,17
1034,01:00:00,1,sunday,2013,NO,ATL,23,17
1035,01:00:00,1,sunday,2013,PIT,TEN,9,16
1036,04:25:00,1,sunday,2013,STL,ARI,27,24
1037,04:25:00,1,sunday,2013,SF,GB,34,28
1038,08:30:00,1,sunday,2013,DAL,NYG,36,31
1039,07:10:00,1,monday,2013,WAS,PHI,27,33
1040,10:20:00,1,monday,2013,SD,HOU,28,31
1041,08:25:00,2,thursday,2013,NE,NYJ,13,10
1042,01:00:00,2,sunday,2013,ATL,STL,31,24
1043,01:00:00,2,sunday,2013,BAL,CLE,14,6
1044,01:00:00,2,sunday,2013,BUF,CAR,24,23
1045,01:00:00,2,sunday,2013,CHI,MIN,31,30
1046,01:00:00,2,sunday,2013,GB,WAS,38,20
1047,01:00:00,2,sunday,2013,HOU,TEN,30,24
1048,01:00:00,2,sunday,2013,IND,MIA,20,24
1049,01:00:00,2,sunday,2013,KC,DAL,17,16
1050,01:00:00,2,sunday,2013,PHI,SD,30,33
1051,04:05:00,2,sunday,2013,ARI,DET,25,21
1052,04:05:00,2,sunday,2013,TB,NO,14,16
1053,04:25:00,2,sunday,2013,NYG,DEN,23,41
1054,04:25:00,2,sunday,2013,OAK,JAC,19,9
1055,08:30:00,2,sunday,2013,SEA,SF,29,3
1056,08:40:00,2,monday,2013,CIN,PIT,20,10
1057,08:25:00,3,thursday,2013,PHI,KC,16,26
1058,01:00:00,3,sunday,2013,BAL,HOU,30,9
1059,01:00:00,3,sunday,2013,CIN,GB,34,30
1060,01:00:00,3,sunday,2013,DAL,STL,31,7
1061,04:05:00,3,sunday,2013,MIA,ATL,27,23
1062,01:00:00,3,sunday,2013,MIN,CLE,27,31
1063,04:25:00,3,sunday,2013,NYJ,BUF,27,20
1064,01:00:00,3,sunday,2013,NE,TB,23,3
1065,01:00:00,3,sunday,2013,NO,ARI,31,7
1066,01:00:00,3,sunday,2013,TEN,SD,20,17
1067,01:00:00,3,sunday,2013,WAS,DET,20,27
1068,01:00:00,3,sunday,2013,CAR,NYG,38,0
1069,04:25:00,3,sunday,2013,SF,IND,7,27
1070,04:25:00,3,sunday,2013,SEA,JAC,45,17
1071,08:30:00,3,sunday,2013,PIT,CHI,23,40
1072,08:40:00,3,monday,2013,DEN,OAK,37,21
1073,08:25:00,4,thursday,2013,STL,SF,11,35
1074,01:00:00,4,sunday,2013,BUF,BAL,23,20
1075,01:00:00,4,sunday,2013,CLE,CIN,17,6
1076,01:00:00,4,sunday,2013,DET,CHI,40,32
1077,01:00:00,4,sunday,2013,HOU,SEA,20,23
1078,01:00:00,4,sunday,2013,JAC,IND,3,37
1079,01:00:00,4,sunday,2013,KC,NYG,31,7
1080,01:00:00,4,sunday,2013,MIN,PIT,34,27
1081,01:00:00,4,sunday,2013,TB,ARI,10,13
1082,04:05:00,4,sunday,2013,TEN,NYJ,38,13
1083,04:25:00,4,sunday,2013,DEN,PHI,52,20
1084,04:25:00,4,sunday,2013,OAK,WAS,14,24
1085,04:25:00,4,sunday,2013,SD,DAL,30,21
1086,08:30:00,4,sunday,2013,ATL,NE,23,30
1087,08:40:00,4,monday,2013,NO,MIA,38,17
1088,08:25:00,5,thursday,2013,CLE,BUF,37,24
1089,01:00:00,5,sunday,2013,CHI,NO,18,26
1090,01:00:00,5,sunday,2013,CIN,NE,13,6
1091,01:00:00,5,sunday,2013,GB,DET,22,9
1092,01:00:00,5,sunday,2013,IND,SEA,34,28
1093,01:00:00,5,sunday,2013,MIA,BAL,23,26
1094,01:00:00,5,sunday,2013,NYG,PHI,21,36
1095,01:00:00,5,sunday,2013,STL,JAC,34,20
1096,01:00:00,5,sunday,2013,TEN,KC,17,26
1097,04:05:00,5,sunday,2013,ARI,CAR,22,6
1098,04:25:00,5,sunday,2013,DAL,DEN,48,51
1099,11:35:00,5,sunday,2013,OAK,SD,27,17
1100,08:30:00,5,sunday,2013,SF,HOU,34,3
1101,08:40:00,5,monday,2013,ATL,NYJ,28,30
1102,08:25:00,6,thursday,2013,CHI,NYG,27,21
1103,01:00:00,6,sunday,2013,BAL,GB,17,19
1104,01:00:00,6,sunday,2013,BUF,CIN,24,27
1105,01:00:00,6,sunday,2013,CLE,DET,17,31
1106,01:00:00,6,sunday,2013,HOU,STL,13,38
1107,01:00:00,6,sunday,2013,KC,OAK,24,7
1108,01:00:00,6,sunday,2013,MIN,CAR,10,35
1109,01:00:00,6,sunday,2013,NYJ,PIT,6,19
1110,01:00:00,6,sunday,2013,TB,PHI,20,31
1111,04:05:00,6,sunday,2013,DEN,JAC,35,19
1112,04:05:00,6,sunday,2013,SEA,TEN,20,13
1113,04:25:00,6,sunday,2013,NE,NO,30,27
1114,04:25:00,6,sunday,2013,SF,ARI,32,20
1115,08:30:00,6,sunday,2013,DAL,WAS,31,16
1116,08:40:00,6,monday,2013,SD,IND,19,9
1117,08:25:00,7,thursday,2013,ARI,SEA,22,34
1118,01:00:00,7,sunday,2013,ATL,TB,31,23
1119,01:00:00,7,sunday,2013,CAR,STL,30,15
1120,01:00:00,7,sunday,2013,DET,CIN,24,27
1121,04:25:00,7,sunday,2013,GB,CLE,31,13
1122,01:00:00,7,sunday,2013,JAC,SD,6,24
1123,04:25:00,7,sunday,2013,KC,HOU,17,16
1124,01:00:00,7,sunday,2013,MIA,BUF,21,23
1125,01:00:00,7,sunday,2013,NYJ,NE,30,27
1126,01:00:00,7,sunday,2013,PHI,DAL,3,17
1127,01:00:00,7,sunday,2013,WAS,CHI,45,41
1128,04:05:00,7,sunday,2013,TEN,SF,17,31
1129,04:25:00,7,sunday,2013,PIT,BAL,19,16
1130,08:30:00,7,sunday,2013,IND,DEN,39,33
1131,08:40:00,7,monday,2013,NYG,MIN,23,7
1132,08:25:00,8,thursday,2013,TB,CAR,13,31
1133,01:00:00,8,sunday,2013,DET,DAL,31,30
1134,01:00:00,8,sunday,2013,JAC,SF,10,42
1135,01:00:00,8,sunday,2013,KC,CLE,23,17
1136,01:00:00,8,sunday,2013,NE,MIA,27,17
1137,01:00:00,8,sunday,2013,NO,BUF,35,17
1138,01:00:00,8,sunday,2013,PHI,NYG,7,15
1139,04:05:00,8,sunday,2013,OAK,PIT,21,18
1140,04:05:00,8,sunday,2013,CIN,NYJ,49,9
1141,04:25:00,8,sunday,2013,ARI,ATL,27,13
1142,04:25:00,8,sunday,2013,DEN,WAS,45,21
1143,08:30:00,8,sunday,2013,MIN,GB,31,44
1144,08:40:00,8,monday,2013,STL,SEA,9,14
1145,08:25:00,9,thursday,2013,MIA,CIN,22,20
1146,01:00:00,9,sunday,2013,BUF,KC,13,23
1147,01:00:00,9,sunday,2013,CAR,ATL,34,10
1148,01:00:00,9,sunday,2013,DAL,MIN,27,23
1149,01:00:00,9,sunday,2013,NYJ,NO,26,20
1150,01:00:00,9,sunday,2013,STL,TEN,21,28
1151,01:00:00,9,sunday,2013,WAS,SD,30,24
1152,04:05:00,9,sunday,2013,OAK,PHI,20,49
1153,04:05:00,9,sunday,2013,SEA,TB,27,24
1154,04:25:00,9,sunday,2013,CLE,BAL,24,18
1155,04:25:00,9,sunday,2013,NE,PIT,55,31
1156,08:30:00,9,sunday,2013,HOU,IND,24,27
1157,08:40:00,9,monday,2013,GB,CHI,20,27
1158,08:25:00,10,thursday,2013,MIN,WAS,34,27
1159,01:00:00,10,sunday,2013,ATL,SEA,10,33
1160,01:00:00,10,sunday,2013,BAL,CIN,20,17
1161,01:00:00,10,sunday,2013,CHI,DET,19,21
1162,01:00:00,10,sunday,2013,GB,PHI,13,27
1163,01:00:00,10,sunday,2013,IND,STL,8,38
1164,01:00:00,10,sunday,2013,NYG,OAK,24,20
1165,01:00:00,10,sunday,2013,PIT,BUF,23,10
1166,01:00:00,10,sunday,2013,TEN,JAC,27,29
1167,04:05:00,10,sunday,2013,SF,CAR,9,10
1168,04:25:00,10,sunday,2013,ARI,HOU,27,24
1169,04:25:00,10,sunday,2013,SD,DEN,20,28
1170,08:30:00,10,sunday,2013,NO,DAL,49,17
1171,08:40:00,10,monday,2013,TB,MIA,22,19
1172,08:25:00,11,thursday,2013,TEN,IND,27,30
1173,01:00:00,11,sunday,2013,BUF,NYJ,37,14
1174,01:00:00,11,sunday,2013,CHI,BAL,23,20
1175,01:00:00,11,sunday,2013,CIN,CLE,41,20
1176,01:00:00,11,sunday,2013,HOU,OAK,23,28
1177,01:00:00,11,sunday,2013,JAC,ARI,14,27
1178,04:05:00,11,sunday,2013,MIA,SD,20,16
1179,01:00:00,11,sunday,2013,PHI,WAS,24,16
1180,01:00:00,11,sunday,2013,PIT,DET,37,27
1181,01:00:00,11,sunday,2013,TB,ATL,41,28
1182,08:30:00,11,sunday,2013,DEN,KC,27,17
1183,04:25:00,11,sunday,2013,NO,SF,23,20
1184,04:25:00,11,sunday,2013,SEA,MIN,41,20
1185,04:25:00,11,sunday,2013,NYG,GB,27,13
1186,08:40:00,11,monday,2013,CAR,NE,24,20
1187,08:25:00,12,thursday,2013,ATL,NO,13,17
1188,01:00:00,12,sunday,2013,BAL,NYJ,19,3
1189,01:00:00,12,sunday,2013,CLE,PIT,11,27
1190,01:00:00,12,sunday,2013,DET,TB,21,24
1191,01:00:00,12,sunday,2013,GB,MIN,26,26
1192,01:00:00,12,sunday,2013,HOU,JAC,6,13
1193,01:00:00,12,sunday,2013,KC,SD,38,41
1194,01:00:00,12,sunday,2013,MIA,CAR,16,20
1195,01:00:00,12,sunday,2013,STL,CHI,42,21
1196,04:05:00,12,sunday,2013,ARI,IND,40,11
1197,04:05:00,12,sunday,2013,OAK,TEN,19,23
1198,04:25:00,12,sunday,2013,NYG,DAL,21,24
1199,08:30:00,12,sunday,2013,NE,DEN,34,31
1200,08:40:00,12,monday,2013,WAS,SF,6,27
1201,12:30:00,13,thursday,2013,DET,GB,40,10
1202,04:30:00,13,thursday,2013,DAL,OAK,31,24
1203,08:30:00,13,thursday,2013,BAL,PIT,22,20
1204,01:00:00,13,sunday,2013,CAR,TB,27,6
1205,01:00:00,13,sunday,2013,CLE,JAC,28,32
1206,01:00:00,13,sunday,2013,IND,TEN,22,14
1207,04:25:00,13,sunday,2013,KC,DEN,28,35
1208,01:00:00,13,sunday,2013,MIN,CHI,23,20
1209,01:00:00,13,sunday,2013,NYJ,MIA,3,23
1210,01:00:00,13,sunday,2013,PHI,ARI,24,21
1211,04:05:00,13,sunday,2013,BUF,ATL,31,34
1212,04:05:00,13,sunday,2013,SF,STL,23,13
1213,01:00:00,13,sunday,2013,HOU,NE,31,34
1214,04:25:00,13,sunday,2013,SD,CIN,10,17
1215,08:30:00,13,sunday,2013,WAS,NYG,17,24
1216,08:40:00,13,monday,2013,SEA,NO,34,7
1217,08:25:00,14,thursday,2013,JAC,HOU,27,20
1218,01:00:00,14,sunday,2013,BAL,MIN,29,26
1219,01:00:00,14,sunday,2013,CIN,IND,42,28
1220,01:00:00,14,sunday,2013,NE,CLE,27,26
1221,01:00:00,14,sunday,2013,NYJ,OAK,37,27
1222,08:30:00,14,sunday,2013,NO,CAR,31,13
1223,01:00:00,14,sunday,2013,PHI,DET,34,20
1224,01:00:00,14,sunday,2013,PIT,MIA,28,34
1225,01:00:00,14,sunday,2013,TB,BUF,27,6
1226,01:00:00,14,sunday,2013,WAS,KC,10,45
1227,04:05:00,14,sunday,2013,DEN,TEN,51,28
1228,04:25:00,14,sunday,2013,ARI,STL,30,10
1229,04:25:00,14,sunday,2013,SD,NYG,37,14
1230,04:25:00,14,sunday,2013,SF,SEA,19,17
1231,01:00:00,14,sunday,2013,GB,ATL,22,21
1232,08:40:00,14,monday,2013,CHI,DAL,45,28
1233,08:25:00,15,thursday,2013,DEN,SD,20,27
1234,01:00:00,15,sunday,2013,ATL,WAS,27,26
1235,01:00:00,15,sunday,2013,CLE,CHI,31,38
1236,01:00:00,15,sunday,2013,IND,HOU,25,3
1237,01:00:00,15,sunday,2013,JAC,BUF,20,27
1238,01:00:00,15,sunday,2013,MIA,NE,24,20
1239,01:00:00,15,sunday,2013,MIN,PHI,48,30
1240,01:00:00,15,sunday,2013,NYG,SEA,0,23
1241,04:25:00,15,sunday,2013,STL,NO,27,16
1242,01:00:00,15,sunday,2013,TB,SF,14,33
1243,04:25:00,15,sunday,2013,TEN,ARI,34,37
1244,04:05:00,15,sunday,2013,CAR,NYJ,30,20
1245,04:05:00,15,sunday,2013,OAK,KC,31,56
1246,04:25:00,15,sunday,2013,DAL,GB,36,37
1247,08:30:00,15,sunday,2013,PIT,CIN,30,20
1248,08:40:00,15,monday,2013,DET,BAL,16,18
1249,01:00:00,16,sunday,2013,BUF,MIA,19,0
1250,01:00:00,16,sunday,2013,CAR,NO,17,13
1251,01:00:00,16,sunday,2013,CIN,MIN,42,14
1252,01:00:00,16,sunday,2013,HOU,DEN,13,37
1253,01:00:00,16,sunday,2013,JAC,TEN,16,20
1254,01:00:00,16,sunday,2013,KC,IND,7,23
1255,01:00:00,16,sunday,2013,NYJ,CLE,24,13
1256,08:30:00,16,sunday,2013,PHI,CHI,54,11
1257,01:00:00,16,sunday,2013,STL,TB,23,13
1258,01:00:00,16,sunday,2013,WAS,DAL,23,24
1259,04:05:00,16,sunday,2013,DET,NYG,20,23
1260,04:05:00,16,sunday,2013,SEA,ARI,10,17
1261,04:25:00,16,sunday,2013,GB,PIT,31,38
1262,04:25:00,16,sunday,2013,SD,OAK,26,13
1263,04:25:00,16,sunday,2013,BAL,NE,7,41
1264,08:40:00,16,monday,2013,SF,ATL,34,24
1265,01:00:00,17,sunday,2013,ATL,CAR,20,21
1266,04:25:00,17,sunday,2013,CHI,GB,28,33
1267,01:00:00,17,sunday,2013,CIN,BAL,34,17
1268,08:30:00,17,sunday,2013,DAL,PHI,22,24
1269,01:00:00,17,sunday,2013,IND,JAC,30,10
1270,01:00:00,17,sunday,2013,MIA,NYJ,7,20
1271,01:00:00,17,sunday,2013,MIN,DET,14,13
1272,04:25:00,17,sunday,2013,NE,BUF,34,20
1273,04:25:00,17,sunday,2013,NO,TB,42,17
1274,01:00:00,17,sunday,2013,NYG,WAS,20,6
1275,01:00:00,17,sunday,2013,PIT,CLE,20,7
1276,01:00:00,17,sunday,2013,TEN,HOU,16,10
1277,04:25:00,17,sunday,2013,ARI,SF,20,23
1278,04:25:00,17,sunday,2013,OAK,DEN,14,34
1279,04:25:00,17,sunday,2013,SD,KC,27,24
1280,04:25:00,17,sunday,2013,SEA,STL,27,9
1281,08:30:00,1,thursday,2014,SEA,GB,36,16
1282,01:00:00,1,sunday,2014,ATL,NO,37,34
1283,01:00:00,1,sunday,2014,BAL,CIN,16,23
1284,01:00:00,1,sunday,2014,CHI,BUF,20,23
1285,01:00:00,1,sunday,2014,HOU,WAS,17,6
1286,01:00:00,1,sunday,2014,KC,TEN,10,26
1287,01:00:00,1,sunday,2014,MIA,NE,33,20
1288,01:00:00,1,sunday,2014,NYJ,OAK,19,14
1289,01:00:00,1,sunday,2014,PHI,JAC,34,17
1290,01:00:00,1,sunday,2014,PIT,CLE,30,27
1291,01:00:00,1,sunday,2014,STL,MIN,6,34
1292,04:25:00,1,sunday,2014,DAL,SF,17,28
1293,04:25:00,1,sunday,2014,TB,CAR,14,20
1294,08:30:00,1,sunday,2014,DEN,IND,31,24
1295,07:10:00,1,monday,2014,DET,NYG,35,14
1296,10:20:00,1,monday,2014,ARI,SD,18,17
1297,08:25:00,2,thursday,2014,BAL,PIT,26,6
1298,01:00:00,2,sunday,2014,BUF,MIA,29,10
1299,01:00:00,2,sunday,2014,CAR,DET,24,7
1300,01:00:00,2,sunday,2014,CIN,ATL,24,10
1301,01:00:00,2,sunday,2014,CLE,NO,26,24
1302,01:00:00,2,sunday,2014,MIN,NE,7,30
1303,01:00:00,2,sunday,2014,NYG,ARI,14,25
1304,01:00:00,2,sunday,2014,TEN,DAL,10,26
1305,01:00:00,2,sunday,2014,WAS,JAC,41,10
1306,04:05:00,2,sunday,2014,SD,SEA,30,21
1307,04:05:00,2,sunday,2014,TB,STL,17,19
1308,04:25:00,2,sunday,2014,DEN,KC,24,17
1309,04:25:00,2,sunday,2014,GB,NYJ,31,24
1310,04:25:00,2,sunday,2014,OAK,HOU,14,30
1311,08:30:00,2,sunday,2014,SF,CHI,20,28
1312,08:30:00,2,monday,2014,IND,PHI,27,30
1313,08:25:00,3,thursday,2014,ATL,TB,56,14
1314,01:00:00,3,sunday,2014,BUF,SD,10,22
1315,01:00:00,3,sunday,2014,CIN,TEN,33,7
1316,01:00:00,3,sunday,2014,CLE,BAL,21,23
1317,01:00:00,3,sunday,2014,DET,GB,19,7
1318,01:00:00,3,sunday,2014,JAC,IND,17,44
1319,01:00:00,3,sunday,2014,NE,OAK,16,9
1320,01:00:00,3,sunday,2014,NO,MIN,20,9
1321,01:00:00,3,sunday,2014,NYG,HOU,30,17
1322,01:00:00,3,sunday,2014,PHI,WAS,37,34
1323,01:00:00,3,sunday,2014,STL,DAL,31,34
1324,04:05:00,3,sunday,2014,ARI,SF,23,14
1325,04:25:00,3,sunday,2014,MIA,KC,15,34
1326,04:25:00,3,sunday,2014,SEA,DEN,26,20
1327,08:30:00,3,sunday,2014,CAR,PIT,19,37
1328,08:30:00,3,monday,2014,NYJ,CHI,19,27
1329,08:25:00,4,thursday,2014,WAS,NYG,14,45
1330,01:00:00,4,sunday,2014,BAL,CAR,38,10
1331,01:00:00,4,sunday,2014,CHI,GB,17,38
1332,01:00:00,4,sunday,2014,HOU,BUF,23,17
1333,01:00:00,4,sunday,2014,IND,TEN,41,17
1334,04:25:00,4,sunday,2014,MIN,ATL,41,28
1335,01:00:00,4,sunday,2014,NYJ,DET,17,24
1336,01:00:00,4,sunday,2014,OAK,MIA,14,38
1337,01:00:00,4,sunday,2014,PIT,TB,24,27
1338,04:05:00,4,sunday,2014,SD,JAC,33,14
1339,04:25:00,4,sunday,2014,SF,PHI,26,21
1340,08:30:00,4,sunday,2014,DAL,NO,38,17
1341,08:30:00,4,monday,2014,KC,NE,41,14
1342,08:25:00,5,thursday,2014,GB,MIN,42,10
1343,01:00:00,5,sunday,2014,CAR,CHI,31,24
1344,01:00:00,5,sunday,2014,DAL,HOU,20,17
1345,01:00:00,5,sunday,2014,DET,BUF,14,17
1346,01:00:00,5,sunday,2014,IND,BAL,20,13
1347,01:00:00,5,sunday,2014,JAC,PIT,9,17
1348,01:00:00,5,sunday,2014,NO,TB,37,31
1349,01:00:00,5,sunday,2014,NYG,ATL,30,20
1350,01:00:00,5,sunday,2014,PHI,STL,34,28
1351,01:00:00,5,sunday,2014,TEN,CLE,28,29
1352,04:05:00,5,sunday,2014,DEN,ARI,41,20
1353,04:25:00,5,sunday,2014,SD,NYJ,31,0
1354,04:25:00,5,sunday,2014,SF,KC,22,17
1355,08:30:00,5,sunday,2014,NE,CIN,43,17
1356,08:30:00,5,monday,2014,WAS,SEA,17,27
1357,08:25:00,6,thursday,2014,HOU,IND,28,33
1358,04:25:00,6,sunday,2014,ATL,CHI,13,27
1359,01:00:00,6,sunday,2014,BUF,NE,22,37
1360,01:00:00,6,sunday,2014,CIN,CAR,37,37
1361,01:00:00,6,sunday,2014,CLE,PIT,31,10
1362,01:00:00,6,sunday,2014,MIA,GB,24,27
1363,01:00:00,6,sunday,2014,MIN,DET,3,17
1364,01:00:00,6,sunday,2014,NYJ,DEN,17,31
1365,01:00:00,6,sunday,2014,TB,BAL,17,48
1366,01:00:00,6,sunday,2014,TEN,JAC,16,14
1367,04:05:00,6,sunday,2014,OAK,SD,28,31
1368,04:25:00,6,sunday,2014,ARI,WAS,30,20
1369,04:25:00,6,sunday,2014,SEA,DAL,23,30
1370,08:30:00,6,sunday,2014,PHI,NYG,27,0
1371,08:30:00,6,monday,2014,STL,SF,17,31
1372,08:25:00,7,thursday,2014,NE,NYJ,27,25
1373,01:00:00,7,sunday,2014,BAL,ATL,29,7
1374,01:00:00,7,sunday,2014,BUF,MIN,17,16
1375,01:00:00,7,sunday,2014,CHI,MIA,14,27
1376,01:00:00,7,sunday,2014,DET,NO,24,23
1377,01:00:00,7,sunday,2014,GB,CAR,38,17
1378,01:00:00,7,sunday,2014,IND,CIN,27,0
1379,01:00:00,7,sunday,2014,JAC,CLE,24,6
1380,01:00:00,7,sunday,2014,STL,SEA,28,26
1381,01:00:00,7,sunday,2014,WAS,TEN,19,17
1382,04:05:00,7,sunday,2014,SD,KC,20,23
1383,04:25:00,7,sunday,2014,DAL,NYG,31,21
1384,04:25:00,7,sunday,2014,OAK,ARI,13,24
1385,08:30:00,7,sunday,2014,DEN,SF,42,17
1386,08:30:00,7,monday,2014,PIT,HOU,30,23
1387,08:25:00,8,thursday,2014,DEN,SD,35,21
1388,09:30:00,8,sunday,2014,ATL,DET,21,22
1389,01:00:00,8,sunday,2014,CAR,SEA,9,13
1390,01:00:00,8,sunday,2014,CIN,BAL,27,24
1391,01:00:00,8,sunday,2014,JAC,MIA,13,27
1392,01:00:00,8,sunday,2014,KC,STL,34,7
1393,01:00:00,8,sunday,2014,NE,CHI,51,23
1394,01:00:00,8,sunday,2014,NYJ,BUF,23,43
1395,01:00:00,8,sunday,2014,TB,MIN,13,19
1396,01:00:00,8,sunday,2014,TEN,HOU,16,30
1397,04:05:00,8,sunday,2014,ARI,PHI,24,20
1398,04:25:00,8,sunday,2014,CLE,OAK,23,13
1399,04:25:00,8,sunday,2014,PIT,IND,51,34
1400,08:30:00,8,sunday,2014,NO,GB,44,23
1401,08:30:00,8,monday,2014,DAL,WAS,17,20
1402,08:25:00,9,thursday,2014,CAR,NO,10,28
1403,01:00:00,9,sunday,2014,CIN,JAC,33,23
1404,01:00:00,9,sunday,2014,CLE,TB,22,17
1405,01:00:00,9,sunday,2014,DAL,ARI,17,28
1406,01:00:00,9,sunday,2014,HOU,PHI,21,31
1407,01:00:00,9,sunday,2014,KC,NYJ,24,10
1408,01:00:00,9,sunday,2014,MIA,SD,37,0
1409,01:00:00,9,sunday,2014,MIN,WAS,29,26
1410,04:05:00,9,sunday,2014,SF,STL,10,13
1411,04:25:00,9,sunday,2014,NE,DEN,43,21
1412,04:25:00,9,sunday,2014,SEA,OAK,30,24
1413,08:30:00,9,sunday,2014,PIT,BAL,43,23
1414,08:30:00,9,monday,2014,NYG,IND,24,40
1415,08:25:00,10,thursday,2014,CIN,CLE,3,24
1416,01:00:00,10,sunday,2014,BAL,TEN,21,7
1417,01:00:00,10,sunday,2014,BUF,KC,13,17
1418,01:00:00,10,sunday,2014,DET,MIA,20,16
1419,01:00:00,10,sunday,2014,JAC,DAL,17,31
1420,01:00:00,10,sunday,2014,NO,SF,24,27
1421,01:00:00,10,sunday,2014,NYJ,PIT,20,13
1422,01:00:00,10,sunday,2014,TB,ATL,17,27
1423,04:05:00,10,sunday,2014,OAK,DEN,17,41
1424,04:25:00,10,sunday,2014,ARI,STL,31,14
1425,04:25:00,10,sunday,2014,SEA,NYG,38,17
1426,08:30:00,10,sunday,2014,GB,CHI,55,14
1427,08:30:00,10,monday,2014,PHI,CAR,45,21
1428,08:25:00,11,thursday,2014,MIA,BUF,22,9
1429,01:00:00,11,sunday,2014,CAR,ATL,17,19
1430,01:00:00,11,sunday,2014,CHI,MIN,21,13
1431,01:00:00,11,sunday,2014,CLE,HOU,7,23
1432,04:25:00,11,sunday,2014,GB,PHI,53,20
1433,01:00:00,11,sunday,2014,KC,SEA,24,20
1434,01:00:00,11,sunday,2014,NO,CIN,10,27
1435,01:00:00,11,sunday,2014,NYG,SF,10,16
1436,01:00:00,11,sunday,2014,STL,DEN,22,7
1437,01:00:00,11,sunday,2014,WAS,TB,7,27
1438,04:05:00,11,sunday,2014,SD,OAK,13,6
1439,04:25:00,11,sunday,2014,ARI,DET,14,6
1440,08:30:00,11,sunday,2014,IND,NE,20,42
1441,08:30:00,11,monday,2014,TEN,PIT,24,27
1442,08:25:00,12,thursday,2014,OAK,KC,24,20
1443,01:00:00,12,sunday,2014,ATL,CLE,24,26
1444,07:00:00,12,monday,2014,BUF,NYJ,38,3
1445,01:00:00,12,sunday,2014,CHI,TB,21,13
1446,01:00:00,12,sunday,2014,HOU,CIN,13,22
1447,01:00:00,12,sunday,2014,IND,JAC,23,3
1448,01:00:00,12,sunday,2014,MIN,GB,21,24
1449,01:00:00,12,sunday,2014,NE,DET,34,9
1450,01:00:00,12,sunday,2014,PHI,TEN,43,24
1451,04:05:00,12,sunday,2014,SD,STL,27,24
1452,04:05:00,12,sunday,2014,SEA,ARI,19,3
1453,04:25:00,12,sunday,2014,DEN,MIA,39,36
1454,04:25:00,12,sunday,2014,SF,WAS,17,13
1455,08:30:00,12,sunday,2014,NYG,DAL,28,31
1456,08:30:00,12,monday,2014,NO,BAL,27,34
1457,12:30:00,13,thursday,2014,DET,CHI,34,17
1458,04:30:00,13,thursday,2014,DAL,PHI,10,33
1459,08:30:00,13,thursday,2014,SF,SEA,3,19
1460,01:00:00,13,sunday,2014,BAL,SD,33,34
1461,01:00:00,13,sunday,2014,BUF,CLE,26,10
1462,01:00:00,13,sunday,2014,HOU,TEN,45,21
1463,01:00:00,13,sunday,2014,IND,WAS,49,27
1464,01:00:00,13,sunday,2014,JAC,NYG,25,24
1465,01:00:00,13,sunday,2014,MIN,CAR,31,13
1466,01:00:00,13,sunday,2014,PIT,NO,32,35
1467,01:00:00,13,sunday,2014,STL,OAK,52,0
1468,01:00:00,13,sunday,2014,TB,CIN,13,14
1469,04:05:00,13,sunday,2014,ATL,ARI,29,18
1470,04:25:00,13,sunday,2014,GB,NE,26,21
1471,08:30:00,13,sunday,2014,KC,DEN,16,29
1472,08:30:00,13,monday,2014,NYJ,MIA,13,16
1473,08:25:00,14,thursday,2014,CHI,DAL,28,41
1474,01:00:00,14,sunday,2014,CIN,PIT,21,42
1475,01:00:00,14,sunday,2014,CLE,IND,24,25
1476,01:00:00,14,sunday,2014,DET,TB,34,17
1477,01:00:00,14,sunday,2014,JAC,HOU,13,27
1478,01:00:00,14,sunday,2014,MIA,BAL,13,28
1479,01:00:00,14,sunday,2014,MIN,NYJ,30,24
1480,01:00:00,14,sunday,2014,NO,CAR,10,41
1481,01:00:00,14,sunday,2014,TEN,NYG,7,36
1482,01:00:00,14,sunday,2014,WAS,STL,0,24
1483,04:05:00,14,sunday,2014,ARI,KC,17,14
1484,04:05:00,14,sunday,2014,DEN,BUF,24,17
1485,04:25:00,14,sunday,2014,OAK,SF,24,13
1486,04:25:00,14,sunday,2014,PHI,SEA,14,24
1487,08:30:00,14,sunday,2014,SD,NE,14,23
1488,08:30:00,14,monday,2014,GB,ATL,43,37
1489,08:25:00,15,thursday,2014,STL,ARI,6,12
1490,01:00:00,15,sunday,2014,ATL,PIT,20,27
1491,01:00:00,15,sunday,2014,BAL,JAC,20,12
1492,01:00:00,15,sunday,2014,BUF,GB,21,13
1493,01:00:00,15,sunday,2014,CAR,TB,19,17
1494,01:00:00,15,sunday,2014,CLE,CIN,0,30
1495,01:00:00,15,sunday,2014,DET,MIN,16,14
1496,01:00:00,15,sunday,2014,IND,HOU,17,10
1497,01:00:00,15,sunday,2014,KC,OAK,31,13
1498,01:00:00,15,sunday,2014,NE,MIA,41,13
1499,01:00:00,15,sunday,2014,NYG,WAS,24,13
1500,04:05:00,15,sunday,2014,SD,DEN,10,22
1501,04:05:00,15,sunday,2014,TEN,NYJ,11,16
1502,04:25:00,15,sunday,2014,SEA,SF,17,7
1503,08:30:00,15,sunday,2014,PHI,DAL,27,38
1504,08:30:00,15,monday,2014,CHI,NO,15,31
1505,08:25:00,16,thursday,2014,JAC,TEN,21,13
1506,04:30:00,16,saturday,2014,WAS,PHI,27,24
1507,04:30:00,16,saturday,2014,SF,SD,35,38
1508,01:00:00,16,sunday,2014,CAR,CLE,17,13
1509,01:00:00,16,sunday,2014,CHI,DET,14,20
1510,01:00:00,16,sunday,2014,HOU,BAL,25,13
1511,01:00:00,16,sunday,2014,MIA,MIN,37,35
1512,01:00:00,16,sunday,2014,NO,ATL,14,30
1513,01:00:00,16,sunday,2014,NYJ,NE,16,17
1514,01:00:00,16,sunday,2014,PIT,KC,20,12
1515,01:00:00,16,sunday,2014,TB,GB,3,20
1516,04:05:00,16,sunday,2014,STL,NYG,27,37
1517,04:25:00,16,sunday,2014,DAL,IND,42,7
1518,04:25:00,16,sunday,2014,OAK,BUF,26,24
1519,08:30:00,16,sunday,2014,ARI,SEA,6,35
1520,08:30:00,16,monday,2014,CIN,DEN,37,28
1521,01:00:00,17,sunday,2014,ATL,CAR,3,34
1522,01:00:00,17,sunday,2014,BAL,CLE,20,10
1523,01:00:00,17,sunday,2014,GB,DET,30,20
1524,01:00:00,17,sunday,2014,HOU,JAC,23,17
1525,01:00:00,17,sunday,2014,KC,SD,19,7
1526,01:00:00,17,sunday,2014,MIA,NYJ,24,37
1527,01:00:00,17,sunday,2014,MIN,CHI,13,9
1528,01:00:00,17,sunday,2014,NE,BUF,9,17
1529,01:00:00,17,sunday,2014,NYG,PHI,26,34
1530,01:00:00,17,sunday,2014,PIT,CIN,27,17
1531,01:00:00,17,sunday,2014,TB,NO,20,23
1532,01:00:00,17,sunday,2014,TEN,IND,10,27
1533,01:00:00,17,sunday,2014,WAS,DAL,17,44
1534,04:25:00,17,sunday,2014,DEN,OAK,47,14
1535,04:25:00,17,sunday,2014,SF,ARI,20,17
1536,04:25:00,17,sunday,2014,SEA,STL,20,6
1537,08:30:00,1,thursday,2015,NE,PIT,28,21
1538,01:00:00,1,sunday,2015,CHI,GB,23,31
1539,01:00:00,1,sunday,2015,STL,SEA,34,31
1540,01:00:00,1,sunday,2015,JAC,CAR,9,20
1541,01:00:00,1,sunday,2015,WAS,MIA,10,17
1542,01:00:00,1,sunday,2015,BUF,IND,27,14
1543,01:00:00,1,sunday,2015,NYJ,CLE,31,10
1544,01:00:00,1,sunday,2015,HOU,KC,20,27
1545,04:05:00,1,sunday,2015,ARI,NO,31,19
1546,04:05:00,1,sunday,2015,SD,DET,33,28
1547,04:25:00,1,sunday,2015,DEN,BAL,19,13
1548,04:25:00,1,sunday,2015,OAK,CIN,13,33
1549,04:25:00,1,sunday,2015,TB,TEN,14,42
1550,08:30:00,1,sunday,2015,DAL,NYG,27,26
1551,07:10:00,1,monday,2015,ATL,PHI,26,24
1552,10:20:00,1,monday,2015,SF,MIN,20,3
1553,08:25:00,2,thursday,2015,KC,DEN,24,31
1554,01:00:00,2,sunday,2015,CAR,HOU,24,17
1555,01:00:00,2,sunday,2015,BUF,NE,32,40
1556,01:00:00,2,sunday,2015,CIN,SD,24,19
1557,01:00:00,2,sunday,2015,CLE,TEN,28,14
1558,01:00:00,2,sunday,2015,NYG,ATL,20,24
1559,01:00:00,2,sunday,2015,WAS,STL,24,10
1560,01:00:00,2,sunday,2015,CHI,ARI,23,48
1561,01:00:00,2,sunday,2015,MIN,DET,26,16
1562,01:00:00,2,sunday,2015,NO,TB,19,26
1563,01:00:00,2,sunday,2015,PIT,SF,43,18
1564,04:05:00,2,sunday,2015,OAK,BAL,37,33
1565,04:05:00,2,sunday,2015,JAC,MIA,23,20
1566,04:25:00,2,sunday,2015,PHI,DAL,10,20
1567,08:30:00,2,sunday,2015,GB,SEA,27,17
1568,08:30:00,2,monday,2015,IND,NYJ,7,20
1569,08:25:00,3,thursday,2015,NYG,WAS,32,21
1570,01:00:00,3,sunday,2015,DAL,ATL,28,39
1571,01:00:00,3,sunday,2015,CAR,NO,27,22
1572,01:00:00,3,sunday,2015,NYJ,PHI,17,24
1573,01:00:00,3,sunday,2015,HOU,TB,19,9
1574,01:00:00,3,sunday,2015,MIN,SD,31,14
1575,01:00:00,3,sunday,2015,STL,PIT,6,12
1576,01:00:00,3,sunday,2015,NE,JAC,51,17
1577,01:00:00,3,sunday,2015,BAL,CIN,24,28
1578,01:00:00,3,sunday,2015,CLE,OAK,20,27
1579,01:00:00,3,sunday,2015,TEN,IND,33,35
1580,04:05:00,3,sunday,2015,ARI,SF,47,7
1581,04:25:00,3,sunday,2015,SEA,CHI,26,0
1582,04:25:00,3,sunday,2015,MIA,BUF,14,41
1583,08:30:00,3,sunday,2015,DET,DEN,12,24
1584,08:30:00,3,monday,2015,GB,KC,38,28
1585,08:25:00,4,thursday,2015,PIT,BAL,20,23
1586,09:30:00,4,sunday,2015,MIA,NYJ,14,27
1587,01:00:00,4,sunday,2015,CHI,OAK,22,20
1588,01:00:00,4,sunday,2015,ATL,HOU,48,21
1589,01:00:00,4,sunday,2015,CIN,KC,36,21
1590,01:00:00,4,sunday,2015,IND,JAC,16,13
1591,01:00:00,4,sunday,2015,WAS,PHI,23,20
1592,01:00:00,4,sunday,2015,TB,CAR,23,37
1593,01:00:00,4,sunday,2015,BUF,NYG,10,24
1594,04:05:00,4,sunday,2015,SD,CLE,30,27
1595,04:25:00,4,sunday,2015,SF,GB,3,17
1596,04:25:00,4,sunday,2015,ARI,STL,22,24
1597,04:25:00,4,sunday,2015,DEN,MIN,23,20
1598,08:30:00,4,sunday,2015,NO,DAL,26,20
1599,08:30:00,4,monday,2015,SEA,DET,13,10
1600,08:25:00,5,thursday,2015,HOU,IND,20,27
1601,01:00:00,5,sunday,2015,PHI,NO,39,17
1602,01:00:00,5,sunday,2015,KC,CHI,17,18
1603,01:00:00,5,sunday,2015,CIN,SEA,27,24
1604,01:00:00,5,sunday,2015,ATL,WAS,25,19
1605,01:00:00,5,sunday,2015,TB,JAC,38,31
1606,01:00:00,5,sunday,2015,BAL,CLE,30,33
1607,01:00:00,5,sunday,2015,TEN,BUF,13,14
1608,01:00:00,5,sunday,2015,GB,STL,24,10
1609,04:05:00,5,sunday,2015,DET,ARI,17,42
1610,04:25:00,5,sunday,2015,DAL,NE,6,30
1611,04:25:00,5,sunday,2015,OAK,DEN,10,16
1612,08:30:00,5,sunday,2015,NYG,SF,30,27
1613,08:30:00,5,monday,2015,SD,PIT,20,24
1614,08:25:00,6,thursday,2015,NO,ATL,31,21
1615,01:00:00,6,sunday,2015,DET,CHI,37,34
1616,01:00:00,6,sunday,2015,NYJ,WAS,34,20
1617,01:00:00,6,sunday,2015,PIT,ARI,25,13
1618,01:00:00,6,sunday,2015,MIN,KC,16,10
1619,01:00:00,6,sunday,2015,BUF,CIN,21,34
1620,01:00:00,6,sunday,2015,CLE,DEN,23,26
1621,01:00:00,6,sunday,2015,TEN,MIA,10,38
1622,01:00:00,6,sunday,2015,JAC,HOU,20,31
1623,04:05:00,6,sunday,2015,SEA,CAR,23,27
1624,04:25:00,6,sunday,2015,GB,SD,27,20
1625,04:25:00,6,sunday,2015,SF,BAL,25,20
1626,08:30:00,6,sunday,2015,IND,NE,27,34
1627,08:30:00,6,monday,2015,PHI,NYG,27,7
1628,08:25:00,7,thursday,2015,SF,SEA,3,20
1629,09:30:00,7,sunday,2015,JAC,BUF,34,31
1630,01:00:00,7,sunday,2015,STL,CLE,24,6
1631,01:00:00,7,sunday,2015,MIA,HOU,44,26
1632,01:00:00,7,sunday,2015,NE,NYJ,30,23
1633,01:00:00,7,sunday,2015,KC,PIT,23,13
1634,01:00:00,7,sunday,2015,WAS,TB,31,30
1635,01:00:00,7,sunday,2015,DET,MIN,19,28
1636,01:00:00,7,sunday,2015,IND,NO,21,27
1637,01:00:00,7,sunday,2015,TEN,ATL,7,10
1638,04:05:00,7,sunday,2015,SD,OAK,29,37
1639,04:25:00,7,sunday,2015,NYG,DAL,27,20
1640,08:30:00,7,sunday,2015,CAR,PHI,27,16
1641,08:30:00,7,monday,2015,ARI,BAL,26,18
1642,08:25:00,8,thursday,2015,NE,MIA,36,7
1643,09:30:00,8,sunday,2015,KC,DET,45,10
1644,01:00:00,8,sunday,2015,BAL,SD,29,26
1645,01:00:00,8,sunday,2015,PIT,CIN,10,16
1646,01:00:00,8,sunday,2015,HOU,TEN,20,6
1647,01:00:00,8,sunday,2015,CHI,MIN,20,23
1648,01:00:00,8,sunday,2015,ATL,TB,20,23
1649,01:00:00,8,sunday,2015,NO,NYG,52,49
1650,01:00:00,8,sunday,2015,STL,SF,27,6
1651,01:00:00,8,sunday,2015,CLE,ARI,20,34
1652,04:05:00,8,sunday,2015,OAK,NYJ,34,20
1653,04:25:00,8,sunday,2015,DAL,SEA,12,13
1654,08:30:00,8,sunday,2015,DEN,GB,29,10
1655,08:30:00,8,monday,2015,CAR,IND,29,26
1656,08:25:00,9,thursday,2015,CIN,CLE,31,10
1657,01:00:00,9,sunday,2015,MIN,STL,21,18
1658,01:00:00,9,sunday,2015,CAR,GB,37,29
1659,01:00:00,9,sunday,2015,NE,WAS,27,10
1660,01:00:00,9,sunday,2015,NO,TEN,28,34
1661,01:00:00,9,sunday,2015,BUF,MIA,33,17
1662,01:00:00,9,sunday,2015,NYJ,JAC,28,23
1663,01:00:00,9,sunday,2015,PIT,OAK,38,35
1664,04:05:00,9,sunday,2015,TB,NYG,18,32
1665,04:05:00,9,sunday,2015,SF,ATL,17,16
1666,04:25:00,9,sunday,2015,IND,DEN,27,24
1667,08:30:00,9,sunday,2015,DAL,PHI,27,33
1668,08:30:00,9,monday,2015,SD,CHI,19,22
1669,08:25:00,10,thursday,2015,NYJ,BUF,17,22
1670,01:00:00,10,sunday,2015,WAS,NO,47,14
1671,01:00:00,10,sunday,2015,GB,DET,16,18
1672,01:00:00,10,sunday,2015,TB,DAL,10,6
1673,01:00:00,10,sunday,2015,TEN,CAR,10,27
1674,01:00:00,10,sunday,2015,STL,CHI,13,37
1675,01:00:00,10,sunday,2015,PHI,MIA,19,20
1676,01:00:00,10,sunday,2015,BAL,JAC,20,22
1677,01:00:00,10,sunday,2015,PIT,CLE,30,9
1678,04:05:00,10,sunday,2015,OAK,MIN,14,30
1679,04:25:00,10,sunday,2015,NYG,NE,26,27
1680,04:25:00,10,sunday,2015,DEN,KC,13,29
1681,08:30:00,10,sunday,2015,SEA,ARI,32,39
1682,08:30:00,10,monday,2015,CIN,HOU,6,10
1683,08:25:00,11,thursday,2015,JAC,TEN,19,13
1684,01:00:00,11,sunday,2015,CHI,DEN,15,17
1685,01:00:00,11,sunday,2015,DET,OAK,18,13
1686,01:00:00,11,sunday,2015,ATL,IND,21,24
1687,01:00:00,11,sunday,2015,HOU,NYJ,24,17
1688,01:00:00,11,sunday,2015,PHI,TB,17,45
1689,04:25:00,11,sunday,2015,MIN,GB,13,30
1690,01:00:00,11,sunday,2015,CAR,WAS,44,16
1691,01:00:00,11,sunday,2015,MIA,DAL,14,24
1692,01:00:00,11,sunday,2015,BAL,STL,16,13
1693,08:30:00,11,sunday,2015,ARI,CIN,34,31
1694,04:25:00,11,sunday,2015,SEA,SF,29,13
1695,04:05:00,11,sunday,2015,SD,KC,3,33
1696,08:30:00,11,monday,2015,NE,BUF,20,13
1697,12:30:00,12,thursday,2015,DET,PHI,45,14
1698,04:30:00,12,thursday,2015,DAL,CAR,14,33
1699,08:30:00,12,thursday,2015,GB,CHI,13,17
1700,01:00:00,12,sunday,2015,WAS,NYG,20,14
1701,01:00:00,12,sunday,2015,ATL,MIN,10,20
1702,01:00:00,12,sunday,2015,CIN,STL,31,7
1703,01:00:00,12,sunday,2015,HOU,NO,24,6
1704,01:00:00,12,sunday,2015,IND,TB,25,12
1705,01:00:00,12,sunday,2015,NYJ,MIA,38,20
1706,01:00:00,12,sunday,2015,JAC,SD,25,31
1707,01:00:00,12,sunday,2015,TEN,OAK,21,24
1708,01:00:00,12,sunday,2015,KC,BUF,30,22
1709,04:05:00,12,sunday,2015,SF,ARI,13,19
1710,04:25:00,12,sunday,2015,SEA,PIT,39,30
1711,08:30:00,12,sunday,2015,DEN,NE,30,24
1712,08:30:00,12,monday,2015,CLE,BAL,27,33
1713,08:25:00,13,thursday,2015,DET,GB,23,27
1714,01:00:00,13,sunday,2015,NYG,NYJ,20,23
1715,01:00:00,13,sunday,2015,BUF,HOU,30,21
1716,01:00:00,13,sunday,2015,MIA,BAL,15,13
1717,01:00:00,13,sunday,2015,CLE,CIN,3,37
1718,01:00:00,13,sunday,2015,TEN,JAC,42,39
1719,01:00:00,13,sunday,2015,CHI,SF,20,26
1720,01:00:00,13,sunday,2015,MIN,SEA,7,38
1721,04:25:00,13,sunday,2015,NO,CAR,38,41
1722,01:00:00,13,sunday,2015,TB,ATL,23,19
1723,01:00:00,13,sunday,2015,STL,ARI,3,27
1724,04:05:00,13,sunday,2015,OAK,KC,20,34
1725,04:05:00,13,sunday,2015,SD,DEN,3,17
1726,04:25:00,13,sunday,2015,NE,PHI,28,35
1727,08:30:00,13,sunday,2015,PIT,IND,45,10
1728,08:30:00,13,monday,2015,WAS,DAL,16,19
1729,08:25:00,14,thursday,2015,ARI,MIN,23,20
1730,01:00:00,14,sunday,2015,PHI,BUF,23,20
1731,01:00:00,14,sunday,2015,NYJ,TEN,30,8
1732,01:00:00,14,sunday,2015,CIN,PIT,20,33
1733,08:30:00,14,sunday,2015,HOU,NE,6,27
1734,01:00:00,14,sunday,2015,JAC,IND,51,16
1735,01:00:00,14,sunday,2015,KC,SD,10,3
1736,01:00:00,14,sunday,2015,CHI,WAS,21,24
1737,01:00:00,14,sunday,2015,CAR,ATL,38,0
1738,01:00:00,14,sunday,2015,TB,NO,17,24
1739,01:00:00,14,sunday,2015,STL,DET,21,14
1740,01:00:00,14,sunday,2015,CLE,SF,24,10
1741,04:05:00,14,sunday,2015,DEN,OAK,12,15
1742,04:25:00,14,sunday,2015,GB,DAL,28,7
1743,01:00:00,14,sunday,2015,BAL,SEA,6,35
1744,08:30:00,14,monday,2015,MIA,NYG,24,31
1745,08:25:00,15,thursday,2015,STL,TB,31,23
1746,08:25:00,15,saturday,2015,DAL,NYJ,16,19
1747,01:00:00,15,sunday,2015,NYG,CAR,35,38
1748,08:30:00,15,sunday,2015,PHI,ARI,17,40
1749,01:00:00,15,sunday,2015,MIN,CHI,38,17
1750,01:00:00,15,sunday,2015,JAC,ATL,17,23
1751,01:00:00,15,sunday,2015,IND,HOU,10,16
1752,01:00:00,15,sunday,2015,NE,TEN,33,16
1753,01:00:00,15,sunday,2015,BAL,KC,14,34
1754,01:00:00,15,sunday,2015,WAS,BUF,35,25
1755,04:05:00,15,sunday,2015,SEA,CLE,30,13
1756,04:05:00,15,sunday,2015,OAK,GB,20,30
1757,04:25:00,15,sunday,2015,PIT,DEN,34,27
1758,04:25:00,15,sunday,2015,SD,MIA,30,14
1759,04:25:00,15,sunday,2015,SF,CIN,14,24
1760,08:30:00,15,monday,2015,NO,DET,27,35
1761,08:25:00,16,thursday,2015,OAK,SD,23,20
1762,08:25:00,16,saturday,2015,PHI,WAS,24,38
1763,04:05:00,16,sunday,2015,NO,JAC,38,27
1764,01:00:00,16,sunday,2015,MIA,IND,12,18
1765,01:00:00,16,sunday,2015,NYJ,NE,26,20
1766,01:00:00,16,sunday,2015,TEN,HOU,6,34
1767,01:00:00,16,sunday,2015,KC,CLE,17,13
1768,01:00:00,16,sunday,2015,DET,SF,32,17
1769,08:30:00,16,sunday,2015,MIN,NYG,49,17
1770,01:00:00,16,sunday,2015,ATL,CAR,20,13
1771,01:00:00,16,sunday,2015,TB,CHI,21,26
1772,01:00:00,16,sunday,2015,BUF,DAL,16,6
1773,04:25:00,16,sunday,2015,ARI,GB,38,8
1774,04:25:00,16,sunday,2015,SEA,STL,17,23
1775,01:00:00,16,sunday,2015,BAL,PIT,20,17
1776,08:30:00,16,monday,2015,DEN,CIN,20,17
1777,01:00:00,17,sunday,2015,BUF,NYJ,22,17
1778,01:00:00,17,sunday,2015,MIA,NE,20,10
1779,01:00:00,17,sunday,2015,CIN,BAL,24,16
1780,01:00:00,17,sunday,2015,CLE,PIT,12,28
1781,01:00:00,17,sunday,2015,HOU,JAC,30,6
1782,01:00:00,17,sunday,2015,IND,TEN,30,24
1783,04:25:00,17,sunday,2015,KC,OAK,23,17
1784,01:00:00,17,sunday,2015,DAL,WAS,23,34
1785,01:00:00,17,sunday,2015,NYG,PHI,30,35
1786,01:00:00,17,sunday,2015,CHI,DET,20,24
1787,08:30:00,17,sunday,2015,GB,MIN,13,20
1788,01:00:00,17,sunday,2015,ATL,NO,17,20
1789,04:25:00,17,sunday,2015,CAR,TB,38,10
1790,04:25:00,17,sunday,2015,DEN,SD,27,20
1791,04:25:00,17,sunday,2015,ARI,SEA,6,36
1792,04:25:00,17,sunday,2015,SF,STL,19,16
1793,08:30:00,1,thursday,2016,DEN,CAR,21,20
1794,01:00:00,1,sunday,2016,ATL,TB,24,31
1795,01:00:00,1,sunday,2016,BAL,BUF,13,7
1796,01:00:00,1,sunday,2016,HOU,CHI,23,14
1797,01:00:00,1,sunday,2016,JAX,GB,23,27
1798,01:00:00,1,sunday,2016,KC,SD,33,27
1799,01:00:00,1,sunday,2016,NO,OAK,34,35
1800,01:00:00,1,sunday,2016,NYJ,CIN,22,23
1801,01:00:00,1,sunday,2016,PHI,CLE,29,10
1802,01:00:00,1,sunday,2016,TEN,MIN,16,25
1803,04:05:00,1,sunday,2016,SEA,MIA,12,10
1804,04:25:00,1,sunday,2016,DAL,NYG,19,20
1805,04:25:00,1,sunday,2016,IND,DET,35,39
1806,08:30:00,1,sunday,2016,ARI,NE,21,23
1807,07:10:00,1,monday,2016,WAS,PIT,16,38
1808,10:20:00,1,monday,2016,SF,LA,28,0
1809,08:25:00,2,thursday,2016,BUF,NYJ,31,37
1810,01:00:00,2,sunday,2016,CAR,SF,46,27
1811,01:00:00,2,sunday,2016,CLE,BAL,20,25
1812,01:00:00,2,sunday,2016,DET,TEN,15,16
1813,01:00:00,2,sunday,2016,HOU,KC,19,12
1814,01:00:00,2,sunday,2016,NE,MIA,31,24
1815,01:00:00,2,sunday,2016,NYG,NO,16,13
1816,01:00:00,2,sunday,2016,PIT,CIN,24,16
1817,01:00:00,2,sunday,2016,WAS,DAL,23,27
1818,04:05:00,2,sunday,2016,ARI,TB,40,7
1819,04:05:00,2,sunday,2016,LA,SEA,9,3
1820,04:25:00,2,sunday,2016,DEN,IND,34,20
1821,04:25:00,2,sunday,2016,OAK,ATL,28,35
1822,04:25:00,2,sunday,2016,SD,JAX,38,14
1823,08:30:00,2,sunday,2016,MIN,GB,17,14
1824,08:30:00,2,monday,2016,CHI,PHI,14,29
1825,08:25:00,3,thursday,2016,NE,HOU,27,0
1826,01:00:00,3,sunday,2016,BUF,ARI,33,18
1827,01:00:00,3,sunday,2016,CAR,MIN,10,22
1828,01:00:00,3,sunday,2016,CIN,DEN,17,29
1829,01:00:00,3,sunday,2016,GB,DET,34,27
1830,01:00:00,3,sunday,2016,JAX,BAL,17,19
1831,01:00:00,3,sunday,2016,MIA,CLE,30,24
1832,01:00:00,3,sunday,2016,NYG,WAS,27,29
1833,01:00:00,3,sunday,2016,TEN,OAK,10,17
1834,04:05:00,3,sunday,2016,SEA,SF,37,18
1835,04:05:00,3,sunday,2016,TB,LA,32,37
1836,04:25:00,3,sunday,2016,PHI,PIT,34,3
1837,04:25:00,3,sunday,2016,IND,SD,26,22
1838,04:25:00,3,sunday,2016,KC,NYJ,24,3
1839,08:30:00,3,sunday,2016,DAL,CHI,31,17
1840,08:30:00,3,monday,2016,NO,ATL,32,45
1841,08:25:00,4,thursday,2016,CIN,MIA,22,7
1842,09:30:00,4,sunday,2016,JAX,IND,30,27
1843,01:00:00,4,sunday,2016,ATL,CAR,48,33
1844,01:00:00,4,sunday,2016,BAL,OAK,27,28
1845,01:00:00,4,sunday,2016,CHI,DET,17,14
1846,01:00:00,4,sunday,2016,HOU,TEN,27,20
1847,01:00:00,4,sunday,2016,NE,BUF,0,16
1848,01:00:00,4,sunday,2016,NYJ,SEA,17,27
1849,01:00:00,4,sunday,2016,WAS,CLE,31,20
1850,04:05:00,4,sunday,2016,TB,DEN,7,27
1851,04:25:00,4,sunday,2016,ARI,LA,13,17
1852,04:25:00,4,sunday,2016,SD,NO,34,35
1853,04:25:00,4,sunday,2016,SF,DAL,17,24
1854,08:30:00,4,sunday,2016,PIT,KC,43,14
1855,08:30:00,4,monday,2016,MIN,NYG,24,10
1856,08:25:00,5,thursday,2016,SF,ARI,21,33
1857,01:00:00,5,sunday,2016,BAL,WAS,10,16
1858,01:00:00,5,sunday,2016,CLE,NE,13,33
1859,01:00:00,5,sunday,2016,DET,PHI,24,23
1860,01:00:00,5,sunday,2016,IND,CHI,29,23
1861,01:00:00,5,sunday,2016,MIA,TEN,17,30
1862,01:00:00,5,sunday,2016,MIN,HOU,31,13
1863,01:00:00,5,sunday,2016,PIT,NYJ,31,13
1864,04:05:00,5,sunday,2016,DEN,ATL,16,23
1865,04:25:00,5,sunday,2016,DAL,CIN,28,14
1866,04:25:00,5,sunday,2016,LA,BUF,19,30
1867,04:25:00,5,sunday,2016,OAK,SD,34,31
1868,08:30:00,5,sunday,2016,GB,NYG,23,16
1869,08:30:00,5,monday,2016,CAR,TB,14,17
1870,08:25:00,6,thursday,2016,SD,DEN,21,13
1871,01:00:00,6,sunday,2016,BUF,SF,45,16
1872,01:00:00,6,sunday,2016,CHI,JAX,16,17
1873,01:00:00,6,sunday,2016,DET,LA,31,28
1874,01:00:00,6,sunday,2016,MIA,PIT,30,15
1875,01:00:00,6,sunday,2016,NE,CIN,35,17
1876,01:00:00,6,sunday,2016,NO,CAR,41,38
1877,01:00:00,6,sunday,2016,NYG,BAL,27,23
1878,01:00:00,6,sunday,2016,TEN,CLE,28,26
1879,01:00:00,6,sunday,2016,WAS,PHI,27,20
1880,04:05:00,6,sunday,2016,OAK,KC,10,26
1881,04:25:00,6,sunday,2016,GB,DAL,16,30
1882,04:25:00,6,sunday,2016,SEA,ATL,26,24
1883,08:30:00,6,sunday,2016,HOU,IND,26,23
1884,08:30:00,6,monday,2016,ARI,NYJ,28,3
1885,08:25:00,7,thursday,2016,GB,CHI,26,10
1886,09:30:00,7,sunday,2016,LA,NYG,10,17
1887,01:00:00,7,sunday,2016,CIN,CLE,31,17
1888,01:00:00,7,sunday,2016,DET,WAS,20,17
1889,01:00:00,7,sunday,2016,JAX,OAK,16,33
1890,01:00:00,7,sunday,2016,KC,NO,27,21
1891,01:00:00,7,sunday,2016,MIA,BUF,28,25
1892,01:00:00,7,sunday,2016,NYJ,BAL,24,16
1893,01:00:00,7,sunday,2016,PHI,MIN,21,10
1894,01:00:00,7,sunday,2016,TEN,IND,26,34
1895,04:05:00,7,sunday,2016,ATL,SD,30,33
1896,04:05:00,7,sunday,2016,SF,TB,17,34
1897,04:25:00,7,sunday,2016,PIT,NE,16,27
1898,08:30:00,7,sunday,2016,ARI,SEA,6,6
1899,08:30:00,7,monday,2016,DEN,HOU,27,9
1900,08:25:00,8,thursday,2016,TEN,JAX,36,22
1901,09:30:00,8,sunday,2016,CIN,WAS,27,27
1902,01:00:00,8,sunday,2016,ATL,GB,33,32
1903,01:00:00,8,sunday,2016,BUF,NE,25,41
1904,01:00:00,8,sunday,2016,CLE,NYJ,28,31
1905,01:00:00,8,sunday,2016,HOU,DET,20,13
1906,01:00:00,8,sunday,2016,IND,KC,14,30
1907,01:00:00,8,sunday,2016,NO,SEA,25,20
1908,01:00:00,8,sunday,2016,TB,OAK,24,30
1909,04:05:00,8,sunday,2016,DEN,SD,27,19
1910,04:25:00,8,sunday,2016,CAR,ARI,30,20
1911,08:30:00,8,sunday,2016,DAL,PHI,29,23
1912,08:30:00,8,monday,2016,CHI,MIN,20,10
1913,08:25:00,9,thursday,2016,TB,ATL,28,43
1914,08:30:00,9,sunday,2016,OAK,DEN,30,20
1915,01:00:00,9,sunday,2016,BAL,PIT,21,14
1916,01:00:00,9,sunday,2016,CLE,DAL,10,35
1917,01:00:00,9,sunday,2016,KC,JAX,19,14
1918,01:00:00,9,sunday,2016,MIA,NYJ,27,23
1919,01:00:00,9,sunday,2016,MIN,DET,16,22
1920,01:00:00,9,sunday,2016,NYG,PHI,28,23
1921,04:05:00,9,sunday,2016,LA,CAR,10,13
1922,04:05:00,9,sunday,2016,SF,NO,23,41
1923,04:25:00,9,sunday,2016,GB,IND,26,31
1924,04:25:00,9,sunday,2016,SD,TEN,43,35
1925,08:30:00,9,monday,2016,SEA,BUF,31,25
1926,08:25:00,10,thursday,2016,BAL,CLE,28,7
1927,01:00:00,10,sunday,2016,CAR,KC,17,20
1928,01:00:00,10,sunday,2016,JAX,HOU,21,24
1929,01:00:00,10,sunday,2016,NO,DEN,23,25
1930,01:00:00,10,sunday,2016,NYJ,LA,6,9
1931,01:00:00,10,sunday,2016,PHI,ATL,24,15
1932,01:00:00,10,sunday,2016,TB,CHI,36,10
1933,01:00:00,10,sunday,2016,TEN,GB,47,25
1934,01:00:00,10,sunday,2016,WAS,MIN,26,20
1935,04:05:00,10,sunday,2016,SD,MIA,24,31
1936,04:25:00,10,sunday,2016,ARI,SF,23,20
1937,04:25:00,10,sunday,2016,PIT,DAL,30,35
1938,08:30:00,10,sunday,2016,NE,SEA,24,31
1939,08:30:00,10,monday,2016,NYG,CIN,21,20
1940,08:25:00,11,thursday,2016,CAR,NO,23,20
1941,01:00:00,11,sunday,2016,CIN,BUF,12,16
1942,01:00:00,11,sunday,2016,CLE,PIT,9,24
1943,01:00:00,11,sunday,2016,DAL,BAL,27,17
1944,01:00:00,11,sunday,2016,DET,JAX,26,19
1945,01:00:00,11,sunday,2016,IND,TEN,24,17
1946,01:00:00,11,sunday,2016,KC,TB,17,19
1947,01:00:00,11,sunday,2016,MIN,ARI,30,24
1948,01:00:00,11,sunday,2016,NYG,CHI,22,16
1949,04:05:00,11,sunday,2016,LA,MIA,10,14
1950,04:25:00,11,sunday,2016,SF,NE,17,30
1951,04:25:00,11,sunday,2016,SEA,PHI,26,15
1952,08:30:00,11,sunday,2016,WAS,GB,42,24
1953,08:30:00,11,monday,2016,OAK,HOU,27,20
1954,12:30:00,12,thursday,2016,DET,MIN,16,13
1955,04:30:00,12,thursday,2016,DAL,WAS,31,26
1956,08:30:00,12,thursday,2016,IND,PIT,7,28
1957,01:00:00,12,sunday,2016,ATL,ARI,38,19
1958,01:00:00,12,sunday,2016,BAL,CIN,19,14
1959,01:00:00,12,sunday,2016,BUF,JAX,28,21
1960,01:00:00,12,sunday,2016,CHI,TEN,21,27
1961,01:00:00,12,sunday,2016,CLE,NYG,13,27
1962,01:00:00,12,sunday,2016,HOU,SD,13,21
1963,01:00:00,12,sunday,2016,MIA,SF,31,24
1964,01:00:00,12,sunday,2016,NO,LA,49,21
1965,04:05:00,12,sunday,2016,TB,SEA,14,5
1966,04:25:00,12,sunday,2016,DEN,KC,27,30
1967,04:25:00,12,sunday,2016,OAK,CAR,35,32
1968,08:30:00,12,sunday,2016,NYJ,NE,17,22
1969,08:30:00,12,monday,2016,PHI,GB,13,27
1970,08:25:00,13,thursday,2016,MIN,DAL,15,17
1971,01:00:00,13,sunday,2016,ATL,KC,28,29
1972,01:00:00,13,sunday,2016,BAL,MIA,38,6
1973,01:00:00,13,sunday,2016,CHI,SF,26,6
1974,01:00:00,13,sunday,2016,CIN,PHI,32,14
1975,01:00:00,13,sunday,2016,GB,HOU,21,13
1976,01:00:00,13,sunday,2016,JAX,DEN,10,20
1977,01:00:00,13,sunday,2016,NE,LA,26,10
1978,01:00:00,13,sunday,2016,NO,DET,13,28
1979,04:05:00,13,sunday,2016,OAK,BUF,38,24
1980,04:25:00,13,sunday,2016,ARI,WAS,31,23
1981,04:25:00,13,sunday,2016,PIT,NYG,24,14
1982,04:25:00,13,sunday,2016,SD,TB,21,28
1983,08:30:00,13,sunday,2016,SEA,CAR,40,7
1984,08:30:00,13,monday,2016,NYJ,IND,10,41
1985,08:25:00,14,thursday,2016,KC,OAK,21,13
1986,01:00:00,14,sunday,2016,BUF,PIT,20,27
1987,01:00:00,14,sunday,2016,CAR,SD,28,16
1988,01:00:00,14,sunday,2016,CLE,CIN,10,23
1989,01:00:00,14,sunday,2016,DET,CHI,20,17
1990,01:00:00,14,sunday,2016,IND,HOU,17,22
1991,01:00:00,14,sunday,2016,JAX,MIN,16,25
1992,01:00:00,14,sunday,2016,MIA,ARI,26,23
1993,01:00:00,14,sunday,2016,PHI,WAS,22,27
1994,01:00:00,14,sunday,2016,TB,NO,16,11
1995,01:00:00,14,sunday,2016,TEN,DEN,13,10
1996,04:05:00,14,sunday,2016,SF,NYJ,17,23
1997,04:25:00,14,sunday,2016,GB,SEA,38,10
1998,04:25:00,14,sunday,2016,LA,ATL,14,42
1999,08:30:00,14,sunday,2016,NYG,DAL,10,7
2000,08:30:00,14,monday,2016,NE,BAL,30,23
2001,08:25:00,15,thursday,2016,SEA,LA,24,3
2002,08:25:00,15,saturday,2016,NYJ,MIA,13,34
2003,01:00:00,15,sunday,2016,BAL,PHI,27,26
2004,01:00:00,15,sunday,2016,BUF,CLE,33,13
2005,01:00:00,15,sunday,2016,CHI,GB,27,30
2006,01:00:00,15,sunday,2016,DAL,TB,26,20
2007,01:00:00,15,sunday,2016,HOU,JAX,21,20
2008,01:00:00,15,sunday,2016,KC,TEN,17,19
2009,01:00:00,15,sunday,2016,MIN,IND,6,34
2010,01:00:00,15,sunday,2016,NYG,DET,17,6
2011,04:05:00,15,sunday,2016,ARI,NO,41,48
2012,04:05:00,15,sunday,2016,ATL,SF,41,13
2013,04:25:00,15,sunday,2016,DEN,NE,3,16
2014,04:25:00,15,sunday,2016,SD,OAK,16,19
2015,08:30:00,15,sunday,2016,CIN,PIT,20,24
2016,08:30:00,15,monday,2016,WAS,CAR,15,26
2017,08:25:00,16,thursday,2016,PHI,NYG,24,19
2018,01:00:00,16,saturday,2016,BUF,MIA,31,34
2019,01:00:00,16,saturday,2016,CAR,ATL,16,33
2020,01:00:00,16,saturday,2016,CHI,WAS,21,41
2021,01:00:00,16,saturday,2016,CLE,SD,20,17
2022,01:00:00,16,saturday,2016,GB,MIN,38,25
2023,01:00:00,16,saturday,2016,JAX,TEN,38,17
2024,01:00:00,16,saturday,2016,NE,NYJ,41,3
2025,01:00:00,16,saturday,2016,NO,TB,31,24
2026,04:05:00,16,saturday,2016,OAK,IND,33,25
2027,04:25:00,16,saturday,2016,LA,SF,21,22
2028,04:25:00,16,saturday,2016,SEA,ARI,31,34
2029,08:25:00,16,saturday,2016,HOU,CIN,12,10
2030,04:30:00,16,sunday,2016,PIT,BAL,31,27
2031,08:30:00,16,sunday,2016,KC,DEN,33,10
2032,08:30:00,16,monday,2016,DAL,DET,42,21
2033,04:25:00,17,sunday,2016,ATL,NO,38,32
2034,01:00:00,17,sunday,2016,CIN,BAL,27,10
2035,08:30:00,17,sunday,2016,DET,GB,24,31
2036,01:00:00,17,sunday,2016,IND,JAX,24,20
2037,01:00:00,17,sunday,2016,MIA,NE,14,35
2038,01:00:00,17,sunday,2016,MIN,CHI,38,10
2039,01:00:00,17,sunday,2016,NYJ,BUF,30,10
2040,01:00:00,17,sunday,2016,PHI,DAL,27,13
2041,01:00:00,17,sunday,2016,PIT,CLE,27,24
2042,01:00:00,17,sunday,2016,TB,CAR,17,16
2043,01:00:00,17,sunday,2016,TEN,HOU,24,17
2044,04:25:00,17,sunday,2016,WAS,NYG,10,19
2045,04:25:00,17,sunday,2016,DEN,OAK,24,6
2046,04:25:00,17,sunday,2016,LA,ARI,6,44
2047,04:25:00,17,sunday,2016,SD,KC,27,37
2048,04:25:00,17,sunday,2016,SF,SEA,23,25
2063,10:20:00,1,monday,2017,DEN,LAC,24,21
2068,01:00:00,2,sunday,2017,IND,ARI,13,16
2069,01:00:00,2,sunday,2017,JAX,TEN,16,37
2070,01:00:00,2,sunday,2017,KC,PHI,27,20
2071,01:00:00,2,sunday,2017,NO,NE,20,36
2072,01:00:00,2,sunday,2017,PIT,MIN,26,9
2073,01:00:00,2,sunday,2017,TB,CHI,29,7
2074,04:05:00,2,sunday,2017,LAC,MIA,17,19
2075,04:05:00,2,sunday,2017,OAK,NYJ,45,20
2076,04:25:00,2,sunday,2017,DEN,DAL,42,17
2077,04:25:00,2,sunday,2017,LA,WAS,20,27
2078,04:25:00,2,sunday,2017,SEA,SF,12,9
2079,08:30:00,2,sunday,2017,ATL,GB,34,23
2080,08:30:00,2,monday,2017,NYG,DET,10,24
2049,08:30:00,1,thursday,2017,NE,KC,27,42
2100,01:00:00,4,sunday,2017,BAL,PIT,9,26
2101,01:00:00,4,sunday,2017,CLE,CIN,7,31
2102,01:00:00,4,sunday,2017,DAL,LA,30,35
2103,01:00:00,4,sunday,2017,HOU,TEN,57,14
2104,01:00:00,4,sunday,2017,MIN,DET,7,14
2105,01:00:00,4,sunday,2017,NE,CAR,30,33
2106,01:00:00,4,sunday,2017,NYJ,JAX,23,20
2107,04:05:00,4,sunday,2017,ARI,SF,18,15
2108,04:05:00,4,sunday,2017,LAC,PHI,24,26
2109,04:05:00,4,sunday,2017,TB,NYG,25,23
2110,04:25:00,4,sunday,2017,DEN,OAK,16,10
2111,08:30:00,4,sunday,2017,SEA,IND,46,18
2112,08:30:00,4,monday,2017,KC,WAS,29,20
2050,01:00:00,1,sunday,2017,BUF,NYJ,21,12
2051,01:00:00,1,sunday,2017,CHI,ATL,17,23
2052,01:00:00,1,sunday,2017,CIN,BAL,0,20
2115,01:00:00,5,sunday,2017,CLE,NYJ,14,17
2065,08:25:00,2,thursday,2017,CIN,HOU,9,13
2066,01:00:00,2,sunday,2017,BAL,CLE,24,10
2067,01:00:00,2,sunday,2017,CAR,BUF,9,3
2053,01:00:00,1,sunday,2017,CLE,PIT,18,21
2054,01:00:00,1,sunday,2017,DET,ARI,35,23
2055,01:00:00,1,sunday,2017,HOU,JAX,7,29
2056,01:00:00,1,sunday,2017,TEN,OAK,16,26
2057,01:00:00,1,sunday,2017,WAS,PHI,17,30
2058,04:05:00,1,sunday,2017,LA,IND,46,9
2059,04:25:00,1,sunday,2017,GB,SEA,17,9
2060,04:25:00,1,sunday,2017,SF,CAR,3,23
2061,08:30:00,1,sunday,2017,DAL,NYG,19,3
2062,07:10:00,1,monday,2017,MIN,NO,29,19
2064,10:20:00,1,monday,2017,DEN,LAC,24,21
2081,08:25:00,3,thursday,2017,SF,LA,39,41
2082,09:30:00,3,sunday,2017,JAX,BAL,44,7
2083,01:00:00,3,sunday,2017,BUF,DEN,26,16
2084,01:00:00,3,sunday,2017,CAR,NO,13,34
2085,01:00:00,3,sunday,2017,CHI,PIT,23,17
2086,01:00:00,3,sunday,2017,DET,ATL,26,30
2087,01:00:00,3,sunday,2017,IND,CLE,31,28
2088,01:00:00,3,sunday,2017,MIN,TB,34,17
2089,01:00:00,3,sunday,2017,NE,HOU,36,33
2090,01:00:00,3,sunday,2017,NYJ,MIA,20,6
2091,01:00:00,3,sunday,2017,PHI,NYG,27,24
2092,04:05:00,3,sunday,2017,TEN,SEA,33,27
2093,04:25:00,3,sunday,2017,GB,CIN,27,24
2094,04:25:00,3,sunday,2017,LAC,KC,10,24
2095,08:30:00,3,sunday,2017,WAS,OAK,27,10
2096,08:30:00,3,monday,2017,ARI,DAL,17,28
2097,08:25:00,4,thursday,2017,GB,CHI,35,14
2098,09:30:00,4,sunday,2017,MIA,NO,0,20
2099,01:00:00,4,sunday,2017,ATL,BUF,17,23
2117,01:00:00,5,sunday,2017,IND,SF,26,23
2118,01:00:00,5,sunday,2017,MIA,TEN,16,10
2119,01:00:00,5,sunday,2017,NYG,LAC,22,27
2120,01:00:00,5,sunday,2017,PHI,ARI,34,7
2116,01:00:00,5,sunday,2017,DET,CAR,24,27
2121,01:00:00,5,sunday,2017,PIT,JAX,9,30
2122,04:05:00,5,sunday,2017,LA,SEA,10,16
2123,04:05:00,5,sunday,2017,OAK,BAL,17,30
2124,04:25:00,5,sunday,2017,DAL,GB,31,35
2125,08:30:00,5,sunday,2017,HOU,KC,34,42
2126,08:30:00,5,monday,2017,CHI,MIN,17,20
2114,01:00:00,5,sunday,2017,CIN,BUF,20,16
2128,01:00:00,6,sunday,2017,ATL,MIA,17,20
2129,01:00:00,6,sunday,2017,BAL,CHI,24,27
2130,01:00:00,6,sunday,2017,HOU,CLE,33,17
2131,01:00:00,6,sunday,2017,MIN,GB,23,10
2132,01:00:00,6,sunday,2017,NO,DET,52,38
2133,01:00:00,6,sunday,2017,NYJ,NE,17,24
2134,01:00:00,6,sunday,2017,WAS,SF,26,24
2135,04:05:00,6,sunday,2017,ARI,TB,38,33
2136,04:05:00,6,sunday,2017,JAX,LA,17,27
2113,08:25:00,5,thursday,2017,TB,NE,14,19
2127,08:25:00,6,thursday,2017,CAR,PHI,23,28
2137,04:25:00,6,sunday,2017,KC,PIT,13,19
2138,04:25:00,6,sunday,2017,OAK,LAC,16,17
2139,08:30:00,6,sunday,2017,DEN,NYG,10,23
2140,08:30:00,6,monday,2017,TEN,IND,36,22
